OutTemp,RoomTemp,HeatState,HeatStateSince,StartTemp
-1.6,20.9,True,0.0,20.9
-1.6,20.8,True,10.0,20.9
-1.6,20.8,True,20.0,20.9
-1.6,20.8,True,30.0,20.9
-1.6,20.8,True,35.0,20.9
-1.7,20.8,True,40.0,20.9
-1.7,20.8,True,40.0,20.9
-1.6,20.8,True,43.0,20.9
-1.7,20.8,True,50.0,20.9
-1.7,20.8,True,56.0,20.9
-1.6,20.8,True,58.0,20.9
-1.7,20.8,True,60.0,20.9
-1.7,20.8,True,60.0,20.9
-1.6,20.8,True,66.0,20.9
-1.7,20.8,True,68.0,20.9
-1.6,20.8,True,70.0,20.9
-1.6,20.8,True,74.0,20.9
-1.7,20.8,True,76.0,20.9
-1.6,20.8,True,80.0,20.9
-1.6,20.8,True,90.0,20.9
-1.6,20.9,True,97.0,20.9
-1.7,20.9,True,99.0,20.9
-1.6,20.9,True,100.0,20.9
-1.6,20.9,True,110.0,20.9
-1.3,20.9,True,0.0,20.9
-1.4,20.9,True,0.0,20.9
-1.4,20.9,True,2.0,20.9
-1.3,20.9,True,10.0,20.9
-1.3,20.8,True,13.0,20.9
-1.4,20.9,True,20.0,20.9
-1.4,20.8,True,23.0,20.9
-1.3,20.8,True,30.0,20.9
-1.3,20.8,True,33.0,20.9
-1.4,20.8,True,36.0,20.9
-1.3,20.8,True,40.0,20.9
-1.3,20.8,True,41.0,20.9
-1.4,20.8,True,50.0,20.9
-1.4,20.8,True,58.0,20.9
-1.3,20.8,True,60.0,20.9
-1.3,20.8,True,61.0,20.9
-1.4,20.9,True,70.0,20.9
-1.4,20.9,True,75.0,20.9
-1.2,20.9,True,80.0,20.9
-1.2,20.9,True,83.0,20.9
-1.3,20.9,True,89.0,20.9
-1.2,20.9,True,90.0,20.9
-1.2,20.9,True,91.0,20.9
-1.3,21.0,True,98.0,20.9
-1.2,21.0,True,100.0,20.9
-1.2,21.1,True,104.0,20.9
-1.3,21.1,True,109.0,20.9
-1.2,21.1,True,110.0,20.9
-1.2,21.2,True,117.0,20.9
-1.3,21.2,True,119.0,20.9
-1.2,21.2,True,120.0,20.9
-1.4,21.0,True,0.0,21.0
-1.4,21.0,True,9.0,21.0
-1.5,21.0,True,10.0,21.0
-1.5,21.0,True,11.0,21.0
-1.4,21.0,True,14.0,21.0
-1.5,21.0,True,17.0,21.0
-1.4,21.0,True,19.0,21.0
-1.5,21.0,True,20.0,21.0
-1.5,21.0,True,21.0,21.0
-1.4,21.0,True,30.0,21.0
-1.4,21.0,True,39.0,21.0
-1.5,21.0,True,40.0,21.0
-1.5,21.0,True,44.0,21.0
-1.4,20.9,True,47.0,21.0
-1.5,20.9,True,50.0,21.0
-1.5,21.0,True,56.0,21.0
-1.4,21.0,True,60.0,21.0
-1.4,21.0,True,62.0,21.0
-1.5,20.9,True,70.0,21.0
-1.5,20.9,True,75.0,21.0
-1.4,20.9,True,80.0,21.0
-1.4,20.9,True,82.0,21.0
-1.3,20.9,True,87.0,21.0
-1.4,20.9,True,89.0,21.0
-1.3,20.9,True,90.0,21.0
-1.3,20.9,True,92.0,21.0
-1.4,20.9,True,100.0,21.0
-1.4,21.0,True,102.0,21.0
-1.5,21.0,True,105.0,21.0
-1.4,21.1,True,110.0,21.0
-1.4,21.1,True,112.0,21.0
-1.5,21.1,True,117.0,21.0
-1.4,21.1,True,120.0,21.0
-1.4,21.1,True,120.0,21.0
-1.3,21.1,True,125.0,21.0
-1.2,21.1,True,128.0,21.0
-0.1,21.0,True,0.0,21.0
-0.1,21.0,True,0.0,21.0
-0.2,21.0,True,10.0,21.0
-0.2,20.9,True,11.0,21.0
-0.3,20.9,True,18.0,21.0
-0.4,20.9,True,20.0,21.0
-0.4,20.9,True,23.0,21.0
-0.5,20.9,True,25.0,21.0
-0.4,20.9,True,28.0,21.0
-0.5,20.9,True,30.0,21.0
-0.5,20.9,True,34.0,21.0
-0.6,20.9,True,40.0,21.0
-0.6,20.9,True,50.0,21.0
-0.6,20.9,True,56.0,21.0
-0.5,20.9,True,60.0,21.0
-0.5,20.9,True,66.0,21.0
-0.6,20.9,True,68.0,21.0
-0.5,20.9,True,70.0,21.0
-0.5,20.9,True,70.0,21.0
-0.4,20.9,True,80.0,21.0
-0.4,20.9,True,81.0,21.0
-0.3,20.9,True,84.0,21.0
-0.4,20.9,True,87.0,21.0
-0.3,20.9,True,90.0,21.0
-0.3,20.9,True,92.0,21.0
-0.2,20.9,True,94.0,21.0
-0.3,20.9,True,100.0,21.0
-0.3,20.9,True,110.0,21.0
-0.3,20.9,True,114.0,21.0
-0.2,20.9,True,116.0,21.0
-0.3,20.9,True,119.0,21.0
-0.1,20.9,True,120.0,21.0
-0.1,20.9,True,127.0,21.0
1.3,21.6,True,850.0,21.0
1.3,21.6,True,860.0,21.0
1.3,21.6,True,870.0,21.0
1.3,21.6,True,880.0,21.0
1.3,21.6,True,885.0,21.0
1.2,21.6,True,887.0,21.0
1.3,21.6,True,890.0,21.0
1.3,21.6,True,892.0,21.0
1.2,21.6,True,900.0,21.0
1.2,21.6,True,902.0,21.0
1.1,21.6,True,906.0,21.0
1.2,21.6,True,909.0,21.0
1.1,21.6,True,910.0,21.0
1.1,21.6,True,920.0,21.0
1.2,20.8,True,0.0,20.8
1.2,20.8,True,9.0,20.8
1.3,20.8,True,10.0,20.8
1.3,20.8,True,17.0,20.8
1.2,20.8,True,20.0,20.8
1.2,20.8,True,30.0,20.8
1.2,20.8,True,40.0,20.8
1.2,20.8,True,43.0,20.8
1.1,20.8,True,50.0,20.8
1.1,20.8,True,60.0,20.8
1.1,20.8,True,61.0,20.8
1.0,20.8,True,70.0,20.8
1.0,20.8,True,73.0,20.8
0.9,20.8,True,78.0,20.8
0.8,20.8,True,80.0,20.8
0.8,20.8,True,81.0,20.8
0.7,20.8,True,83.0,20.8
0.6,20.8,True,85.0,20.8
0.7,20.8,True,88.0,20.8
0.6,20.8,True,90.0,20.8
0.6,20.8,True,93.0,20.8
0.5,20.8,True,100.0,20.8
0.5,20.8,True,101.0,20.8
0.4,20.8,True,103.0,20.8
0.5,20.9,True,110.0,20.8
0.5,20.9,True,110.0,20.8
0.6,20.9,True,120.0,20.8
-1.8,20.8,True,0.0,20.8
-1.9,20.8,True,1.0,20.8
-1.9,20.8,True,11.0,20.8
-1.9,20.7,True,21.0,20.8
-1.9,20.7,True,31.0,20.8
-1.9,20.7,True,41.0,20.8
-1.9,20.7,True,45.0,20.8
-2.0,20.7,True,51.0,20.8
-2.0,20.7,True,61.0,20.8
-2.0,20.7,True,70.0,20.8
-1.9,20.7,True,71.0,20.8
-1.9,20.7,True,81.0,20.8
-1.9,20.7,True,85.0,20.8
-1.8,20.7,True,88.0,20.8
-1.9,20.8,True,91.0,20.8
-1.9,20.9,True,98.0,20.8
-1.8,20.9,True,101.0,20.8
-1.8,20.9,True,111.0,20.8
-1.8,20.9,True,121.0,20.8
-1.8,20.9,True,121.0,20.8
-5.3,20.7,True,0.0,20.7
-5.2,20.7,True,2.0,20.7
-5.3,20.7,True,9.0,20.7
-5.2,20.7,True,17.0,20.7
-5.3,20.7,True,19.0,20.7
-5.4,20.7,True,25.0,20.7
-5.5,20.7,True,29.0,20.7
-5.4,20.6,True,32.0,20.7
-5.6,20.6,True,35.0,20.7
-5.5,20.6,True,38.0,20.7
-5.4,20.6,True,50.0,20.7
-5.3,20.6,True,53.0,20.7
-5.2,20.6,True,65.0,20.7
-5.1,20.6,True,73.0,20.7
-4.9,20.6,True,84.0,20.7
-4.8,20.6,True,86.0,20.7
-4.6,20.6,True,88.0,20.7
-4.5,20.6,True,96.0,20.7
-4.4,20.6,True,104.0,20.7
-4.3,20.6,True,106.0,20.7
-4.4,20.6,True,109.0,20.7
-6.6,20.8,True,0.0,20.8
-6.7,20.8,True,9.0,20.8
-6.6,20.8,True,20.0,20.8
-6.5,20.8,True,22.0,20.8
-6.6,20.8,True,30.0,20.8
-6.8,20.8,True,32.0,20.8
-6.9,20.7,True,34.0,20.8
-7.0,20.8,True,37.0,20.8
-7.1,20.8,True,40.0,20.8
-7.0,20.7,True,60.0,20.8
-6.8,20.7,True,63.0,20.8
-6.6,20.7,True,65.0,20.8
-6.4,20.8,True,68.0,20.8
-6.2,20.8,True,76.0,20.8
-6.1,20.8,True,88.0,20.8
-5.9,20.8,True,91.0,20.8
-5.8,20.8,True,94.0,20.8
-5.7,20.8,True,96.0,20.8
0.0,20.3,True,0.0,20.3
0.0,20.3,True,10.0,20.3
0.0,20.2,True,20.0,20.3
0.0,20.2,True,24.0,20.3
0.1,20.2,True,30.0,20.3
0.1,20.2,True,40.0,20.3
0.1,20.2,True,42.0,20.3
0.2,20.2,True,50.0,20.3
0.2,20.2,True,57.0,20.3
0.3,20.3,True,60.0,20.3
0.3,20.2,True,65.0,20.3
0.4,20.4,True,70.0,20.3
0.4,20.4,True,70.0,20.3
0.5,20.4,True,80.0,20.3
0.5,20.5,True,90.0,20.3
0.5,20.6,True,92.0,20.3
0.6,20.6,True,94.0,20.3
0.5,20.6,True,100.0,20.3
0.5,20.6,True,100.0,20.3
0.6,20.6,True,103.0,20.3
0.7,20.6,True,110.0,20.3
0.7,20.7,True,120.0,20.3
0.7,20.7,True,121.0,20.3
0.8,20.7,True,123.0,20.3
2.2,21.9,True,0.0,21.9
2.3,21.9,True,2.0,21.9
2.2,21.9,True,5.0,21.9
2.2,21.8,True,15.0,21.9
2.2,21.8,True,25.0,21.9
2.2,21.8,True,33.0,21.9
2.1,21.8,True,35.0,21.9
2.1,21.9,True,45.0,21.9
2.1,22.1,True,48.0,21.9
2.0,22.2,True,55.0,21.9
0.0,20.9,True,0.0,20.9
0.0,20.9,True,10.0,20.9
0.0,20.9,True,20.0,20.9
0.0,20.9,True,30.0,20.9
0.0,20.9,True,40.0,20.9
0.0,20.9,True,50.0,20.9
0.0,20.9,True,60.0,20.9
0.0,20.8,True,70.0,20.9
0.0,20.9,True,80.0,20.9
0.0,20.9,True,90.0,20.9
0.0,20.9,True,96.0,20.9
0.1,20.8,True,100.0,20.9
0.1,20.9,True,102.0,20.9
0.0,20.8,True,104.0,20.9
0.1,20.9,True,109.0,20.9
0.2,20.9,True,110.0,20.9
0.2,20.8,True,112.0,20.9
0.1,20.8,True,114.0,20.9
0.2,20.9,True,120.0,20.9
-0.8,22.0,True,850.0,20.9
-0.8,22.1,True,860.0,20.9
-0.8,22.1,True,870.0,20.9
-0.8,22.2,True,880.0,20.9
-1.3,21.0,True,0.0,21.0
-1.3,21.0,True,10.0,21.0
-1.3,21.0,True,14.0,21.0
-1.2,21.0,True,19.0,21.0
-1.3,21.0,True,20.0,21.0
-1.3,21.0,True,22.0,21.0
-1.2,21.1,True,29.0,21.0
-1.3,21.1,True,30.0,21.0
-1.3,21.3,True,40.0,21.0
-1.3,21.3,True,40.0,21.0
-1.4,21.4,True,48.0,21.0
-1.5,21.5,True,50.0,21.0
-1.5,21.5,True,52.0,21.0
-1.6,21.6,True,57.0,21.0
-1.5,21.6,True,60.0,21.0
-1.5,21.6,True,62.0,21.0
-1.4,21.8,True,70.0,21.0
-1.4,21.9,True,80.0,21.0
-1.4,21.9,True,80.0,21.0
-1.3,22.0,True,87.0,21.0
-1.4,21.9,True,90.0,21.0
-1.4,21.9,True,90.0,21.0
-1.3,22.0,True,97.0,21.0
-1.2,22.0,True,100.0,21.0
-1.2,22.0,True,110.0,21.0
-1.2,21.8,True,118.0,21.0
-1.3,21.8,True,120.0,21.0
-1.3,21.8,True,121.0,21.0
-3.0,20.8,True,0.0,20.8
-3.0,20.8,True,10.0,20.8
-3.0,20.8,True,13.0,20.8
-3.1,20.8,True,19.0,20.8
-3.0,20.8,True,20.0,20.8
-3.0,20.8,True,23.0,20.8
-3.1,20.7,True,26.0,20.8
-3.2,20.7,True,29.0,20.8
-3.1,20.7,True,30.0,20.8
-3.1,20.7,True,31.0,20.8
-3.2,20.7,True,40.0,20.8
-3.2,20.7,True,41.0,20.8
-3.3,20.7,True,43.0,20.8
-3.2,20.7,True,50.0,20.8
-3.2,20.7,True,54.0,20.8
-3.1,20.7,True,56.0,20.8
-3.2,20.7,True,60.0,20.8
-3.2,20.7,True,62.0,20.8
-3.3,20.7,True,69.0,20.8
-3.4,20.7,True,70.0,20.8
-3.4,20.7,True,72.0,20.8
-3.5,20.7,True,74.0,20.8
-3.3,20.7,True,77.0,20.8
-3.4,20.7,True,80.0,20.8
-3.4,20.7,True,85.0,20.8
-3.5,20.7,True,90.0,20.8
-3.5,20.7,True,100.0,20.8
-3.5,20.7,True,105.0,20.8
-3.4,20.7,True,107.0,20.8
-3.5,20.8,True,110.0,20.8
-3.5,20.8,True,110.0,20.8
-3.4,20.7,True,117.0,20.8
-3.3,20.8,True,120.0,20.8
-3.3,20.8,True,120.0,20.8
-3.4,20.8,True,127.0,20.8
-2.8,20.8,True,0.0,20.8
-2.8,20.8,True,0.0,20.8
-2.7,20.8,True,10.0,20.8
-2.7,20.7,True,20.0,20.8
-2.7,20.7,True,23.0,20.8
-2.8,20.7,True,30.0,20.8
-2.8,20.7,True,40.0,20.8
-2.8,20.7,True,49.0,20.8
-2.9,20.7,True,50.0,20.8
-2.9,20.7,True,53.0,20.8
-2.8,20.7,True,56.0,20.8
-2.9,20.7,True,58.0,20.8
-2.8,20.7,True,60.0,20.8
-2.8,20.7,True,61.0,20.8
-2.9,20.7,True,64.0,20.8
-2.8,20.7,True,70.0,20.8
-2.8,20.7,True,80.0,20.8
-2.8,20.7,True,83.0,20.8
-2.9,20.7,True,86.0,20.8
-2.8,20.7,True,89.0,20.8
-2.9,20.7,True,90.0,20.8
-2.9,20.7,True,100.0,20.8
-2.9,20.7,True,104.0,20.8
-3.0,20.7,True,106.0,20.8
-2.9,20.8,True,110.0,20.8
-2.9,20.8,True,114.0,20.8
-2.8,20.8,True,120.0,20.8
-2.8,20.9,True,127.0,20.8
-2.7,20.9,True,129.0,20.8
-1.6,21.8,True,0.0,21.8
-1.6,21.8,True,10.0,21.8
-1.6,21.9,True,20.0,21.8
-1.6,21.9,True,30.0,21.8
-1.6,22.0,True,36.0,21.8
-1.5,22.0,True,39.0,21.8
-1.6,22.0,True,40.0,21.8
-2.9,20.6,True,0.0,20.6
-2.9,20.6,True,7.0,20.6
-3.0,20.6,True,10.0,20.6
-3.0,20.6,True,20.0,20.6
-3.0,20.6,True,29.0,20.6
-2.9,20.6,True,30.0,20.6
-2.9,20.5,True,40.0,20.6
-2.9,20.6,True,45.0,20.6
-2.8,20.6,True,50.0,20.6
-2.8,20.5,True,60.0,20.6
-2.8,20.5,True,61.0,20.6
-2.7,20.6,True,63.0,20.6
-2.8,20.6,True,65.0,20.6
-2.7,20.5,True,70.0,20.6
-2.7,20.5,True,78.0,20.6
-2.8,20.5,True,80.0,20.6
-2.8,20.6,True,86.0,20.6
-2.7,20.6,True,88.0,20.6
-2.8,20.7,True,90.0,20.6
-2.8,20.7,True,91.0,20.6
-2.7,20.8,True,93.0,20.6
-2.8,20.8,True,100.0,20.6
-2.8,20.9,True,106.0,20.6
-2.9,21.0,True,110.0,20.6
-2.6,20.8,True,0.0,20.8
-2.7,20.8,True,3.0,20.8
-2.6,20.8,True,4.0,20.8
-2.6,20.8,True,5.0,20.8
-2.7,20.8,True,14.0,20.8
-2.7,20.8,True,24.0,20.8
-2.7,20.8,True,33.0,20.8
-2.8,20.8,True,34.0,20.8
-2.8,20.8,True,35.0,20.8
-2.7,20.8,True,38.0,20.8
-2.8,20.7,True,44.0,20.8
-2.8,20.7,True,54.0,20.8
-2.9,20.7,True,54.0,20.8
-2.9,20.7,True,64.0,20.8
-2.9,20.7,True,66.0,20.8
-2.8,20.7,True,68.0,20.8
-2.9,20.7,True,71.0,20.8
-2.8,20.7,True,74.0,20.8
-2.9,20.7,True,74.0,20.8
-2.9,20.7,True,76.0,20.8
-2.8,20.7,True,79.0,20.8
-2.9,20.8,True,84.0,20.8
-2.9,20.7,True,86.0,20.8
-3.0,20.8,True,94.0,20.8
-3.0,20.7,True,96.0,20.8
-2.9,20.8,True,104.0,20.8
-2.9,20.8,True,112.0,20.8
-3.0,20.8,True,114.0,20.8
-4.0,20.7,True,0.0,20.7
-4.1,20.7,True,2.0,20.7
-4.0,20.7,True,5.0,20.7
-4.1,20.7,True,7.0,20.7
-4.1,20.7,True,17.0,20.7
-4.1,20.7,True,25.0,20.7
-4.2,20.7,True,27.0,20.7
-4.2,20.6,True,32.0,20.7
-4.1,20.6,True,35.0,20.7
-4.2,20.6,True,37.0,20.7
-4.2,20.6,True,47.0,20.7
-4.2,20.6,True,48.0,20.7
-4.3,20.6,True,50.0,20.7
-4.2,20.6,True,57.0,20.7
-4.2,20.6,True,58.0,20.7
-4.3,20.6,True,61.0,20.7
-4.2,20.6,True,63.0,20.7
-4.3,20.6,True,66.0,20.7
-4.2,20.6,True,67.0,20.7
-4.2,20.6,True,77.0,20.7
-4.2,20.6,True,78.0,20.7
-4.1,20.6,True,81.0,20.7
-4.2,20.6,True,87.0,20.7
-4.2,20.6,True,96.0,20.7
-4.3,20.6,True,97.0,20.7
-4.3,20.6,True,101.0,20.7
-4.2,20.6,True,106.0,20.7
-4.3,20.6,True,107.0,20.7
-4.3,20.6,True,108.0,20.7
-4.2,20.6,True,117.0,20.7
-4.2,20.6,True,126.0,20.7
-4.1,20.6,True,127.0,20.7
-4.1,20.7,True,134.0,20.7
-4.5,20.8,True,0.0,20.8
-4.6,20.7,True,0.0,20.8
-4.6,20.7,True,9.0,20.8
-4.7,20.7,True,10.0,20.8
-4.7,20.7,True,20.0,20.8
-4.8,20.7,True,20.0,20.8
-4.8,20.7,True,30.0,20.8
-4.8,20.6,True,40.0,20.8
-5.0,20.6,True,40.0,20.8
-5.0,20.7,True,43.0,20.8
-5.1,20.7,True,45.0,20.8
-5.0,20.6,True,50.0,20.8
-5.0,20.6,True,55.0,20.8
-5.1,20.6,True,57.0,20.8
-5.2,20.7,True,60.0,20.8
-5.2,20.6,True,70.0,20.8
-5.1,20.6,True,70.0,20.8
-5.1,20.7,True,73.0,20.8
-5.2,20.7,True,80.0,20.8
-5.2,20.7,True,86.0,20.8
-5.3,20.8,True,90.0,20.8
-5.3,20.7,True,93.0,20.8
-5.4,20.7,True,96.0,20.8
-5.3,20.7,True,99.0,20.8
-5.4,20.8,True,100.0,20.8
-5.4,20.8,True,110.0,20.8
-5.4,20.8,True,114.0,20.8
-5.3,20.8,True,116.0,20.8
-5.4,20.8,True,119.0,20.8
-5.3,20.8,True,120.0,20.8
-5.3,20.8,True,126.0,20.8
-5.4,20.8,True,128.0,20.8
-9.9,20.3,True,0.0,20.3
-10.0,20.3,True,10.0,20.3
-10.1,20.2,True,24.0,20.3
-10.2,20.2,True,26.0,20.3
-10.1,20.2,True,34.0,20.3
-10.2,20.2,True,43.0,20.3
-10.1,20.2,True,45.0,20.3
-10.2,20.2,True,52.0,20.3
-10.1,20.2,True,58.0,20.3
-10.2,20.2,True,60.0,20.3
-10.1,20.2,True,66.0,20.3
-10.2,20.2,True,70.0,20.3
-10.3,20.2,True,72.0,20.3
-10.2,20.2,True,75.0,20.3
-10.3,20.2,True,78.0,20.3
-10.4,20.2,True,80.0,20.3
-10.3,20.2,True,82.0,20.3
-10.4,20.2,True,88.0,20.3
-10.3,20.2,True,91.0,20.3
-10.2,20.2,True,93.0,20.3
-10.3,20.2,True,99.0,20.3
-10.3,20.3,True,102.0,20.3
-10.2,20.4,True,111.0,20.3
-10.1,20.5,True,121.0,20.3
-10.0,20.5,True,128.0,20.3
-12.7,20.4,True,0.0,20.4
-12.7,20.4,True,6.0,20.4
-12.6,20.3,True,10.0,20.4
-12.6,20.3,True,14.0,20.4
-12.7,20.3,True,17.0,20.4
-12.6,20.3,True,19.0,20.4
-12.7,20.3,True,20.0,20.4
-12.7,20.3,True,21.0,20.4
-12.6,20.3,True,30.0,20.4
-12.6,20.3,True,34.0,20.4
-12.7,20.2,True,40.0,20.4
-12.7,20.2,True,50.0,20.4
-12.7,20.2,True,53.0,20.4
-12.8,20.2,True,60.0,20.4
-12.8,20.3,True,64.0,20.4
-12.9,20.3,True,70.0,20.4
-12.9,20.4,True,74.0,20.4
-13.0,20.4,True,80.0,20.4
-13.0,20.5,True,82.0,20.4
-12.9,20.6,True,90.0,20.4
-12.9,20.6,True,94.0,20.4
-12.8,20.6,True,97.0,20.4
-12.9,20.7,True,100.0,20.4
-12.9,20.8,True,105.0,20.4
-12.8,20.8,True,110.0,20.4
-12.8,20.8,True,117.0,20.4
-12.7,20.8,True,120.0,20.4
-12.7,20.7,True,125.0,20.4
-11.5,20.2,True,0.0,20.2
-11.6,20.2,True,7.0,20.2
-11.6,20.2,True,10.0,20.2
-11.7,20.2,True,12.0,20.2
-11.6,20.1,True,17.0,20.2
-11.7,20.1,True,17.0,20.2
-11.7,20.1,True,27.0,20.2
-11.7,20.1,True,37.0,20.2
-11.7,20.1,True,45.0,20.2
-11.8,20.1,True,47.0,20.2
-11.8,20.1,True,50.0,20.2
-11.7,20.1,True,57.0,20.2
-11.7,20.0,True,66.0,20.2
-11.8,20.0,True,67.0,20.2
-11.8,20.0,True,77.0,20.2
-11.8,20.0,True,78.0,20.2
-11.9,20.0,True,87.0,20.2
-11.9,20.0,True,97.0,20.2
-11.9,20.0,True,107.0,20.2
-11.9,20.0,True,115.0,20.2
-11.8,20.0,True,117.0,20.2
-11.8,20.0,True,121.0,20.2
-11.9,20.0,True,124.0,20.2
-11.7,20.0,True,127.0,20.2
-11.7,20.0,True,128.0,20.2
-11.8,20.0,True,136.0,20.2
-10.1,22.1,True,857.0,20.2
-10.1,22.2,True,867.0,20.2
-14.5,20.2,True,0.0,20.2
-14.4,20.2,True,5.0,20.2
-14.5,20.2,True,7.0,20.2
-14.4,20.2,True,7.0,20.2
-14.4,20.2,True,9.0,20.2
-14.5,20.2,True,17.0,20.2
-14.5,20.2,True,22.0,20.2
-14.3,20.2,True,27.0,20.2
-14.3,20.2,True,28.0,20.2
-14.4,20.2,True,32.0,20.2
-14.5,20.2,True,37.0,20.2
-14.5,20.1,True,40.0,20.2
-14.4,20.1,True,42.0,20.2
-14.3,20.1,True,45.0,20.2
-14.1,20.1,True,47.0,20.2
-14.1,20.1,True,50.0,20.2
-14.2,20.1,True,52.0,20.2
-14.1,20.1,True,54.0,20.2
-14.2,20.1,True,57.0,20.2
-14.3,20.1,True,57.0,20.2
-14.3,20.1,True,67.0,20.2
-14.3,20.1,True,67.0,20.2
-14.2,20.1,True,70.0,20.2
-14.1,20.1,True,77.0,20.2
-14.1,20.1,True,78.0,20.2
-14.0,20.1,True,81.0,20.2
-14.1,20.1,True,87.0,20.2
-14.1,20.0,True,97.0,20.2
-14.1,20.1,True,101.0,20.2
-14.0,20.1,True,106.0,20.2
-13.8,20.1,True,107.0,20.2
-13.8,20.1,True,110.0,20.2
-13.7,20.1,True,113.0,20.2
-13.6,20.1,True,117.0,20.2
-10.2,21.9,True,0.0,21.9
-10.3,21.9,True,5.0,21.9
-10.4,21.9,True,6.0,21.9
-10.4,21.8,True,10.0,21.9
-10.5,21.8,True,16.0,21.9
-10.5,21.8,True,20.0,21.9
-10.6,21.8,True,26.0,21.9
-10.6,21.8,True,33.0,21.9
-10.7,21.8,True,36.0,21.9
-11.8,19.6,True,0.0,19.6
-11.8,19.6,True,6.0,19.6
-11.7,19.6,True,10.0,19.6
-11.7,19.6,True,11.0,19.6
-11.6,19.6,True,13.0,19.6
-11.7,19.6,True,20.0,19.6
-11.7,19.6,True,30.0,19.6
-11.7,19.6,True,32.0,19.6
-11.8,19.6,True,36.0,19.6
-11.7,19.6,True,39.0,19.6
-11.8,19.6,True,40.0,19.6
-11.8,19.5,True,49.0,19.6
-11.9,19.5,True,50.0,19.6
-11.9,19.5,True,60.0,19.6
-11.9,19.5,True,70.0,19.6
-11.9,19.5,True,74.0,19.6
-12.0,19.5,True,80.0,19.6
-12.0,19.5,True,80.0,19.6
-11.9,19.5,True,82.0,19.6
-12.0,19.5,True,84.0,19.6
-11.9,19.5,True,87.0,19.6
-12.0,19.6,True,89.0,19.6
-11.9,19.6,True,90.0,19.6
-11.9,19.6,True,100.0,19.6
-11.9,19.6,True,102.0,19.6
-11.8,19.6,True,107.0,19.6
-11.7,19.6,True,110.0,19.6
-7.2,21.9,True,529.0,20.0
-7.3,22.0,True,534.0,20.0
-7.4,22.0,True,539.0,20.0
-7.4,22.0,True,539.0,20.0
-7.5,22.0,True,549.0,20.0
-7.5,22.0,True,552.0,20.0
-7.6,22.1,True,554.0,20.0
-7.7,22.1,True,559.0,20.0
-7.7,22.1,True,559.0,20.0
-7.8,22.2,True,569.0,20.0
-8.6,20.1,True,0.0,20.1
-8.6,20.1,True,10.0,20.1
-8.6,20.1,True,20.0,20.1
-8.6,20.0,True,30.0,20.1
-8.6,20.0,True,35.0,20.1
-8.7,20.0,True,40.0,20.1
-8.7,20.0,True,40.0,20.1
-8.6,20.0,True,45.0,20.1
-8.5,20.0,True,48.0,20.1
-8.6,20.0,True,50.0,20.1
-8.6,20.0,True,55.0,20.1
-8.5,20.0,True,60.0,20.1
-8.5,20.0,True,66.0,20.1
-8.4,20.0,True,69.0,20.1
-8.5,20.0,True,70.0,20.1
-8.5,20.0,True,71.0,20.1
-8.4,20.0,True,75.0,20.1
-8.5,20.0,True,78.0,20.1
-8.4,20.0,True,80.0,20.1
-8.4,20.0,True,83.0,20.1
-8.3,20.0,True,86.0,20.1
-8.4,20.0,True,89.0,20.1
-8.3,20.0,True,90.0,20.1
-8.3,20.1,True,94.0,20.1
-8.4,20.1,True,96.0,20.1
-8.3,20.0,True,100.0,20.1
-8.3,20.1,True,110.0,20.1
-8.3,20.1,True,114.0,20.1
-8.2,20.1,True,116.0,20.1
-8.3,20.1,True,120.0,20.1
-8.3,20.1,True,126.0,20.1
-8.2,20.1,True,128.0,20.1
-3.9,20.4,True,0.0,20.4
-3.9,20.3,True,3.0,20.4
-3.8,20.3,True,10.0,20.4
-3.8,20.3,True,11.0,20.4
-3.9,20.3,True,16.0,20.4
-3.8,20.3,True,18.0,20.4
-3.9,20.3,True,20.0,20.4
-3.9,20.3,True,24.0,20.4
-3.8,20.3,True,30.0,20.4
-3.8,20.3,True,31.0,20.4
-3.9,20.3,True,37.0,20.4
-3.8,20.2,True,40.0,20.4
-3.8,20.2,True,41.0,20.4
-3.9,20.3,True,44.0,20.4
-3.8,20.3,True,47.0,20.4
-3.9,20.3,True,50.0,20.4
-3.9,20.2,True,60.0,20.4
-3.9,20.3,True,60.0,20.4
-4.0,20.3,True,62.0,20.4
-4.1,20.2,True,70.0,20.4
-4.1,20.3,True,72.0,20.4
-4.0,20.2,True,80.0,20.4
-4.0,20.2,True,80.0,20.4
-3.9,20.2,True,84.0,20.4
-4.0,20.3,True,89.0,20.4
-3.9,20.3,True,90.0,20.4
-3.9,20.4,True,100.0,20.4
-3.9,20.4,True,107.0,20.4
-3.7,20.5,True,110.0,20.4
-3.7,20.5,True,110.0,20.4
-3.8,20.5,True,113.0,20.4
-3.7,20.6,True,120.0,20.4
-3.7,20.6,True,128.0,20.4
-3.6,20.6,True,0.0,20.6
-3.5,20.6,True,4.0,20.6
-3.5,20.6,True,14.0,20.6
-3.5,20.6,True,14.0,20.6
-3.6,20.6,True,17.0,20.6
-3.7,20.6,True,22.0,20.6
-3.8,20.6,True,24.0,20.6
-3.8,20.5,True,32.0,20.6
-3.9,20.6,True,34.0,20.6
-3.9,20.5,True,39.0,20.6
-3.8,20.5,True,42.0,20.6
-3.9,20.5,True,44.0,20.6
-3.9,20.5,True,45.0,20.6
-3.8,20.5,True,50.0,20.6
-3.7,20.5,True,54.0,20.6
-3.7,20.5,True,60.0,20.6
-3.8,20.5,True,64.0,20.6
-3.8,20.5,True,65.0,20.6
-3.7,20.4,True,74.0,20.6
-3.7,20.5,True,76.0,20.6
-3.6,20.5,True,78.0,20.6
-3.7,20.5,True,83.0,20.6
-3.6,20.4,True,84.0,20.6
-3.6,20.4,True,86.0,20.6
-3.7,20.5,True,88.0,20.6
-3.8,20.5,True,91.0,20.6
-3.7,20.5,True,94.0,20.6
-3.7,20.5,True,103.0,20.6
-3.6,20.5,True,104.0,20.6
-3.6,20.4,True,106.0,20.6
-3.5,20.4,True,114.0,20.6
-3.5,20.4,True,116.0,20.6
-3.3,20.5,True,121.0,20.6
-3.4,20.5,True,124.0,20.6
-3.5,20.5,True,124.0,20.6
-3.5,20.5,True,131.0,20.6
-3.4,20.5,True,133.0,20.6
-2.5,20.9,True,0.0,20.9
-2.4,20.8,True,8.0,20.9
-2.4,20.8,True,13.0,20.9
-2.5,20.8,True,18.0,20.9
-2.4,20.8,True,18.0,20.9
-2.4,20.8,True,21.0,20.9
-2.3,20.8,True,28.0,20.9
-2.3,20.8,True,38.0,20.9
-2.3,20.8,True,43.0,20.9
-2.2,20.8,True,48.0,20.9
-2.2,20.8,True,53.0,20.9
-2.1,20.7,True,58.0,20.9
-2.1,20.8,True,68.0,20.9
-2.1,20.8,True,78.0,20.9
-2.2,20.8,True,78.0,20.9
-2.2,20.8,True,88.0,20.9
-2.2,20.8,True,92.0,20.9
-2.3,20.8,True,98.0,20.9
-2.3,20.9,True,104.0,20.9
-2.2,20.9,True,108.0,20.9
-2.2,20.9,True,109.0,20.9
-2.1,20.9,True,115.0,20.9
-2.0,20.9,True,118.0,20.9
-2.0,20.9,True,122.0,20.9
-1.9,20.9,True,128.0,20.9
-1.9,20.8,True,132.0,20.9
-1.8,20.8,True,135.0,20.9
-0.5,21.8,True,0.0,21.8
-0.5,21.8,True,1.0,21.8
-0.4,21.8,True,10.0,21.8
-0.4,21.8,True,18.0,21.8
-0.3,21.8,True,20.0,21.8
-0.3,21.7,True,30.0,21.8
-0.3,21.7,True,31.0,21.8
-0.4,21.7,True,38.0,21.8
-0.3,21.7,True,40.0,21.8
-0.3,21.6,True,48.0,21.8
-0.4,21.6,True,50.0,21.8
-0.4,21.6,True,51.0,21.8
-0.3,21.6,True,58.0,21.8
-0.2,21.6,True,60.0,21.8
-0.2,21.6,True,61.0,21.8
-0.3,21.6,True,70.0,21.8
-0.3,21.6,True,74.0,21.8
-0.2,21.6,True,77.0,21.8
-0.3,21.6,True,80.0,21.8
-0.3,21.5,True,89.0,21.8
-0.2,21.5,True,90.0,21.8
-0.2,21.5,True,100.0,21.8
-0.2,21.5,True,104.0,21.8
-0.3,21.5,True,107.0,21.8
-0.2,21.5,True,110.0,21.8
-0.2,21.5,True,110.0,21.8
-0.3,21.5,True,112.0,21.8
-0.2,21.5,True,120.0,21.8
-0.2,21.4,True,130.0,21.8
-0.2,21.4,True,140.0,21.8
-0.2,21.4,True,150.0,21.8
-0.2,21.4,True,155.0,21.8
-0.3,21.4,True,160.0,21.8
-0.3,21.4,True,170.0,21.8
-0.3,21.4,True,178.0,21.8
-0.4,21.4,True,180.0,21.8
-0.4,21.4,True,190.0,21.8
-0.4,21.4,True,200.0,21.8
-0.4,21.4,True,210.0,21.8
-0.4,21.4,True,211.0,21.8
-0.5,21.4,True,214.0,21.8
-0.4,21.4,True,216.0,21.8
-0.5,21.4,True,220.0,21.8
-0.5,21.4,True,230.0,21.8
-0.5,21.4,True,231.0,21.8
-0.4,21.4,True,240.0,21.8
-0.4,21.4,True,250.0,21.8
-0.4,21.4,True,260.0,21.8
-0.4,21.4,True,264.0,21.8
-0.3,21.4,True,270.0,21.8
-0.3,21.4,True,279.0,21.8
-0.4,21.4,True,280.0,21.8
-0.4,21.4,True,282.0,21.8
-0.3,21.4,True,290.0,21.8
-0.3,21.4,True,292.0,21.8
-0.4,21.4,True,300.0,21.8
-0.4,21.4,True,310.0,21.8
-0.4,21.3,True,320.0,21.8
-0.4,21.3,True,330.0,21.8
-0.4,21.4,True,333.0,21.8
-0.5,21.3,True,335.0,21.8
-0.4,21.4,True,340.0,21.8
-0.4,21.4,True,340.0,21.8
-0.5,21.3,True,350.0,21.8
-0.5,21.4,True,360.0,21.8
-0.5,21.3,True,370.0,21.8
-0.5,21.3,True,380.0,21.8
-0.5,21.3,True,390.0,21.8
-0.5,21.3,True,400.0,21.8
-0.5,21.3,True,410.0,21.8
-0.5,21.3,True,416.0,21.8
-0.4,21.3,True,418.0,21.8
-0.5,21.3,True,420.0,21.8
-0.5,21.3,True,421.0,21.8
-0.4,21.3,True,424.0,21.8
-0.5,21.3,True,427.0,21.8
-0.4,21.3,True,430.0,21.8
-0.4,21.3,True,431.0,21.8
-0.5,21.3,True,434.0,21.8
-0.4,21.4,True,440.0,21.8
-0.4,21.4,True,441.0,21.8
-0.5,21.4,True,444.0,21.8
-0.4,21.4,True,447.0,21.8
-0.5,21.4,True,450.0,21.8
-0.5,21.4,True,452.0,21.8
-0.4,21.4,True,454.0,21.8
-0.3,21.4,True,457.0,21.8
-0.4,21.4,True,460.0,21.8
-0.4,21.4,True,464.0,21.8
-0.5,21.4,True,470.0,21.8
-0.5,21.4,True,472.0,21.8
-0.4,21.4,True,474.0,21.8
-0.5,21.4,True,480.0,21.8
-0.5,21.4,True,484.0,21.8
-0.4,21.4,True,489.0,21.8
-0.3,21.4,True,490.0,21.8
-0.3,21.3,True,500.0,21.8
-0.3,21.3,True,508.0,21.8
4.3,21.3,True,0.0,21.3
4.4,21.2,True,7.0,21.3
4.3,21.3,True,9.0,21.3
4.3,21.2,True,18.0,21.3
4.2,21.2,True,19.0,21.3
4.2,21.2,True,20.0,21.3
4.4,21.2,True,29.0,21.3
4.4,21.2,True,30.0,21.3
4.5,21.2,True,33.0,21.3
4.4,21.2,True,35.0,21.3
4.5,21.2,True,39.0,21.3
4.5,21.2,True,40.0,21.3
4.6,21.2,True,48.0,21.3
4.7,21.2,True,49.0,21.3
4.7,21.2,True,59.0,21.3
4.7,21.2,True,69.0,21.3
4.7,21.2,True,77.0,21.3
4.6,21.2,True,79.0,21.3
4.6,21.2,True,80.0,21.3
4.7,21.2,True,85.0,21.3
4.8,21.2,True,89.0,21.3
4.8,21.3,True,90.0,21.3
4.7,21.3,True,92.0,21.3
4.9,21.3,True,95.0,21.3
4.8,21.3,True,99.0,21.3
4.8,21.4,True,101.0,21.3
4.9,21.4,True,109.0,21.3
4.9,21.4,True,111.0,21.3
5.0,21.4,True,113.0,21.3
4.9,21.4,True,115.0,21.3
5.0,21.4,True,119.0,21.3
3.6,21.0,True,0.0,21.0
3.7,21.0,True,1.0,21.0
3.7,21.0,True,10.0,21.0
3.8,21.0,True,11.0,21.0
3.8,21.0,True,13.0,21.0
3.7,21.0,True,15.0,21.0
3.6,21.0,True,21.0,21.0
3.6,20.9,True,27.0,21.0
3.7,20.9,True,31.0,21.0
3.7,20.9,True,35.0,21.0
3.6,20.9,True,38.0,21.0
3.7,20.9,True,41.0,21.0
3.7,20.9,True,42.0,21.0
3.8,20.9,True,48.0,21.0
3.7,20.9,True,51.0,21.0
3.7,20.9,True,55.0,21.0
3.8,20.9,True,58.0,21.0
3.7,20.9,True,61.0,21.0
3.7,20.9,True,63.0,21.0
3.8,20.9,True,68.0,21.0
3.9,21.0,True,71.0,21.0
3.9,21.0,True,76.0,21.0
4.0,21.0,True,81.0,21.0
4.0,21.0,True,86.0,21.0
3.9,21.0,True,91.0,21.0
3.9,21.0,True,94.0,21.0
4.0,21.0,True,101.0,21.0
4.0,21.0,True,111.0,21.0
4.0,21.0,True,119.0,21.0
4.1,21.0,True,121.0,21.0
4.1,21.0,True,127.0,21.0
4.2,21.0,True,129.0,21.0
4.3,21.4,True,0.0,21.4
4.4,21.4,True,2.0,21.4
4.3,21.3,True,5.0,21.4
4.2,21.4,True,9.0,21.4
4.2,21.4,True,10.0,21.4
4.3,21.3,True,13.0,21.4
4.2,21.3,True,16.0,21.4
4.0,21.3,True,19.0,21.4
4.0,21.3,True,25.0,21.4
3.9,21.3,True,29.0,21.4
3.9,21.3,True,30.0,21.4
3.8,21.3,True,36.0,21.4
4.0,21.3,True,38.0,21.4
3.9,21.3,True,39.0,21.4
3.9,21.3,True,41.0,21.4
3.8,21.3,True,45.0,21.4
4.0,21.3,True,49.0,21.4
4.0,21.3,True,53.0,21.4
3.8,21.3,True,55.0,21.4
3.7,21.3,True,58.0,21.4
3.6,21.2,True,59.0,21.4
3.6,21.3,True,69.0,21.4
3.6,21.3,True,71.0,21.4
3.4,21.4,True,73.0,21.4
3.6,21.4,True,79.0,21.4
3.6,21.5,True,86.0,21.4
3.1,21.5,True,89.0,21.4
3.1,21.5,True,96.0,21.4
3.2,21.5,True,99.0,21.4
3.2,21.5,True,101.0,21.4
3.3,21.5,True,104.0,21.4
3.6,21.4,True,109.0,21.4
3.9,21.4,True,109.0,21.4
3.9,21.5,True,111.0,21.4
3.7,21.4,True,114.0,21.4
3.4,21.4,True,117.0,21.4
3.7,21.4,True,119.0,21.4
3.7,21.4,True,122.0,21.4
3.8,21.4,True,124.0,21.4
3.9,21.4,True,127.0,21.4
4.0,21.4,True,129.0,21.4
4.0,21.4,True,132.0,21.4
3.9,21.4,True,134.0,21.4
6.9,21.8,True,96.0,22.0
6.9,21.8,True,104.0,22.0
7.0,21.8,True,106.0,22.0
7.0,21.8,True,106.0,22.0
7.2,21.8,True,109.0,22.0
7.1,21.8,True,114.0,22.0
7.2,21.8,True,116.0,22.0
7.2,21.8,True,116.0,22.0
7.1,21.8,True,119.0,22.0
6.9,21.8,True,124.0,22.0
6.8,21.8,True,126.0,22.0
6.8,21.8,True,126.0,22.0
6.7,21.8,True,129.0,22.0
6.8,21.8,True,131.0,22.0
6.9,21.8,True,136.0,22.0
6.9,21.8,True,136.0,22.0
6.8,21.9,True,146.0,22.0
6.8,21.9,True,146.0,22.0
7.0,22.0,True,151.0,22.0
6.9,22.0,True,156.0,22.0
6.9,22.1,True,159.0,22.0
6.8,22.1,True,162.0,22.0
6.7,22.2,True,166.0,22.0
3.3,21.3,True,0.0,21.3
3.2,21.3,True,4.0,21.3
3.1,21.3,True,7.0,21.3
3.3,21.3,True,7.0,21.3
3.3,21.3,True,9.0,21.3
3.2,21.3,True,14.0,21.3
3.3,21.3,True,17.0,21.3
3.3,21.3,True,17.0,21.3
3.2,21.3,True,20.0,21.3
3.1,21.3,True,22.0,21.3
2.7,21.3,True,25.0,21.3
3.2,21.3,True,27.0,21.3
3.2,21.3,True,28.0,21.3
3.3,21.3,True,35.0,21.3
3.5,21.3,True,37.0,21.3
3.5,21.3,True,38.0,21.3
3.7,21.3,True,40.0,21.3
4.0,21.2,True,43.0,21.3
4.1,21.3,True,47.0,21.3
4.1,21.3,True,48.0,21.3
4.0,21.2,True,51.0,21.3
3.9,21.3,True,53.0,21.3
4.0,21.3,True,56.0,21.3
3.9,21.3,True,57.0,21.3
3.9,21.3,True,58.0,21.3
4.0,21.3,True,61.0,21.3
4.1,21.2,True,63.0,21.3
4.3,21.2,True,66.0,21.3
4.4,21.2,True,67.0,21.3
4.4,21.2,True,68.0,21.3
4.5,21.2,True,71.0,21.3
4.6,21.2,True,74.0,21.3
4.8,21.2,True,76.0,21.3
4.9,21.3,True,77.0,21.3
4.9,21.3,True,81.0,21.3
5.0,21.3,True,83.0,21.3
5.1,21.4,True,86.0,21.3
5.0,21.4,True,87.0,21.3
5.0,21.6,True,91.0,21.3
4.9,21.6,True,94.0,21.3
5.0,21.6,True,97.0,21.3
5.0,21.6,True,99.0,21.3
4.9,21.7,True,101.0,21.3
4.8,21.8,True,103.0,21.3
4.7,21.8,True,106.0,21.3
4.6,21.8,True,107.0,21.3
4.6,21.8,True,108.0,21.3
3.8,21.8,True,111.0,21.3
3.6,21.8,True,117.0,21.3
3.6,21.8,True,119.0,21.3
3.5,21.8,True,123.0,21.3
3.3,21.7,True,126.0,21.3
3.1,21.7,True,127.0,21.3
3.1,21.7,True,129.0,21.3
2.9,21.7,True,132.0,21.3
3.0,21.7,True,134.0,21.3
3.1,21.8,True,136.0,21.3
4.4,21.3,True,0.0,21.3
4.4,21.3,True,4.0,21.3
4.0,21.3,True,7.0,21.3
3.9,21.3,True,9.0,21.3
3.8,21.3,True,10.0,21.3
3.8,21.3,True,12.0,21.3
3.7,21.3,True,14.0,21.3
3.8,21.3,True,20.0,21.3
3.8,21.3,True,30.0,21.3
3.8,21.3,True,31.0,21.3
3.7,21.3,True,34.0,21.3
3.6,21.3,True,39.0,21.3
3.5,21.3,True,40.0,21.3
3.5,21.2,True,41.0,21.3
3.6,21.2,True,47.0,21.3
3.7,21.3,True,49.0,21.3
3.9,21.3,True,50.0,21.3
3.9,21.2,True,52.0,21.3
4.0,21.2,True,55.0,21.3
4.2,21.3,True,58.0,21.3
4.3,21.3,True,60.0,21.3
4.3,21.3,True,60.0,21.3
4.4,21.2,True,62.0,21.3
4.6,21.2,True,65.0,21.3
4.7,21.3,True,67.0,21.3
4.9,21.2,True,70.0,21.3
4.9,21.2,True,70.0,21.3
5.0,21.2,True,73.0,21.3
5.2,21.2,True,75.0,21.3
5.3,21.2,True,78.0,21.3
5.2,21.2,True,80.0,21.3
5.2,21.2,True,81.0,21.3
5.4,21.2,True,83.0,21.3
5.3,21.2,True,88.0,21.3
5.1,21.2,True,90.0,21.3
5.1,21.2,True,90.0,21.3
5.0,21.2,True,93.0,21.3
5.1,21.2,True,98.0,21.3
5.0,21.3,True,100.0,21.3
5.0,21.3,True,101.0,21.3
4.8,21.3,True,103.0,21.3
4.7,21.3,True,106.0,21.3
4.4,21.3,True,110.0,21.3
4.4,21.3,True,113.0,21.3
4.5,21.3,True,116.0,21.3
4.8,21.4,True,120.0,21.3
4.8,21.4,True,120.0,21.3
5.0,21.4,True,128.0,21.3
8.0,21.6,True,0.0,21.6
8.0,21.6,True,7.0,21.6
8.1,21.6,True,10.0,21.6
8.1,21.6,True,10.0,21.6
8.0,21.6,True,20.0,21.6
8.0,21.6,True,28.0,21.6
8.1,21.6,True,30.0,21.6
8.1,21.6,True,30.0,21.6
8.0,21.6,True,33.0,21.6
8.1,21.6,True,36.0,21.6
8.0,21.5,True,40.0,21.6
8.0,21.6,True,44.0,21.6
8.1,21.5,True,46.0,21.6
8.2,21.5,True,49.0,21.6
8.1,21.5,True,50.0,21.6
8.1,21.5,True,51.0,21.6
8.2,21.5,True,60.0,21.6
8.2,21.5,True,63.0,21.6
8.1,21.5,True,66.0,21.6
8.2,21.5,True,70.0,21.6
8.2,21.5,True,76.0,21.6
8.3,21.5,True,80.0,21.6
8.3,21.5,True,84.0,21.6
8.2,21.5,True,86.0,21.6
8.3,21.5,True,90.0,21.6
8.3,21.5,True,94.0,21.6
8.2,21.5,True,100.0,21.6
8.2,21.5,True,104.0,21.6
8.1,21.6,True,110.0,21.6
8.1,21.6,True,111.0,21.6
8.0,21.5,True,120.0,21.6
8.0,21.5,True,125.0,21.6
7.5,21.4,True,0.0,21.4
7.4,21.4,True,7.0,21.4
7.4,21.4,True,10.0,21.4
7.5,21.4,True,13.0,21.4
7.4,21.4,True,15.0,21.4
7.5,21.4,True,17.0,21.4
7.5,21.4,True,17.0,21.4
7.4,21.4,True,25.0,21.4
7.5,21.4,True,27.0,21.4
7.5,21.4,True,27.0,21.4
7.6,21.4,True,35.0,21.4
7.5,21.4,True,37.0,21.4
7.5,21.4,True,38.0,21.4
7.6,21.4,True,47.0,21.4
7.6,21.4,True,48.0,21.4
7.5,21.4,True,52.0,21.4
7.6,21.4,True,55.0,21.4
7.5,21.4,True,57.0,21.4
7.5,21.4,True,58.0,21.4
7.6,21.4,True,67.0,21.4
7.6,21.4,True,77.0,21.4
7.6,21.4,True,83.0,21.4
7.5,21.4,True,86.0,21.4
7.6,21.4,True,87.0,21.4
7.6,21.4,True,91.0,21.4
7.7,21.4,True,94.0,21.4
7.6,21.4,True,96.0,21.4
7.7,21.4,True,97.0,21.4
7.7,21.4,True,106.0,21.4
7.8,21.4,True,107.0,21.4
7.8,21.4,True,112.0,21.4
7.9,21.4,True,117.0,21.4
8.0,21.4,True,117.0,21.4
8.0,21.4,True,121.0,21.4
8.1,21.4,True,124.0,21.4
8.2,21.4,True,127.0,21.4
8.1,21.4,True,127.0,21.4
8.1,21.5,True,131.0,21.4
8.0,21.4,True,134.0,21.4
8.1,21.5,True,137.0,21.4
4.0,21.6,True,0.0,21.6
3.9,21.6,True,6.0,21.6
3.9,21.6,True,9.0,21.6
3.8,21.6,True,15.0,21.6
3.7,21.6,True,16.0,21.6
3.7,21.6,True,20.0,21.6
3.6,21.6,True,26.0,21.6
3.6,21.6,True,36.0,21.6
3.6,21.6,True,38.0,21.6
3.5,21.6,True,41.0,21.6
3.6,21.6,True,43.0,21.6
3.5,21.6,True,46.0,21.6
3.6,21.6,True,46.0,21.6
3.6,21.5,True,51.0,21.6
3.5,21.5,True,56.0,21.6
3.5,21.5,True,66.0,21.6
3.5,21.6,True,71.0,21.6
3.4,21.5,True,74.0,21.6
3.5,21.5,True,76.0,21.6
3.4,21.5,True,76.0,21.6
3.4,21.6,True,81.0,21.6
3.5,21.6,True,86.0,21.6
3.5,21.6,True,88.0,21.6
3.4,21.6,True,91.0,21.6
3.5,21.6,True,94.0,21.6
3.4,21.6,True,96.0,21.6
3.4,21.6,True,98.0,21.6
3.5,21.6,True,106.0,21.6
3.5,21.6,True,114.0,21.6
3.6,21.6,True,116.0,21.6
1.3,21.1,True,0.0,21.1
1.2,21.1,True,2.0,21.1
1.3,21.1,True,7.0,21.1
1.2,21.0,True,15.0,21.1
1.3,21.0,True,19.0,21.1
1.2,21.0,True,25.0,21.1
1.3,21.0,True,44.0,21.1
1.4,21.0,True,47.0,21.1
1.5,21.0,True,50.0,21.1
1.6,21.0,True,60.0,21.1
1.7,21.0,True,68.0,21.1
1.8,21.0,True,73.0,21.1
1.7,21.1,True,83.0,21.1
1.6,21.1,True,90.0,21.1
1.7,21.1,True,95.0,21.1
5.9,21.2,True,0.0,21.2
6.0,21.1,True,32.0,21.2
6.1,21.1,True,35.0,21.2
6.0,21.1,True,37.0,21.2
6.1,21.1,True,48.0,21.2
6.0,21.1,True,62.0,21.2
5.9,21.1,True,65.0,21.2
6.0,21.1,True,68.0,21.2
6.1,21.2,True,70.0,21.2
6.0,21.2,True,73.0,21.2
6.1,21.2,True,78.0,21.2
6.0,21.2,True,82.0,21.2
6.1,21.2,True,100.0,21.2
6.2,21.2,True,105.0,21.2
6.1,21.2,True,113.0,21.2
6.2,21.2,True,134.0,21.2
6.3,21.2,True,136.0,21.2
4.0,21.3,True,0.0,21.3
3.9,21.3,True,2.0,21.3
3.6,21.3,True,5.0,21.3
3.2,21.3,True,7.0,21.3
3.1,21.3,True,10.0,21.3
2.9,21.3,True,13.0,21.3
2.8,21.3,True,19.0,21.3
2.9,21.3,True,22.0,21.3
2.8,21.3,True,32.0,21.3
2.7,21.2,True,40.0,21.3
2.8,21.2,True,42.0,21.3
2.9,21.2,True,45.0,21.3
2.8,21.2,True,50.0,21.3
2.7,21.2,True,65.0,21.3
2.6,21.2,True,68.0,21.3
2.7,21.2,True,73.0,21.3
2.6,21.3,True,78.0,21.3
2.7,21.2,True,81.0,21.3
2.6,21.2,True,83.0,21.3
2.7,21.2,True,91.0,21.3
2.8,21.3,True,96.0,21.3
2.9,21.3,True,98.0,21.3
3.0,21.3,True,101.0,21.3
3.1,21.3,True,111.0,21.3
3.2,21.3,True,116.0,21.3
3.1,21.2,True,133.0,21.3
3.2,21.2,True,136.0,21.3
-4.4,20.8,True,0.0,20.8
-4.5,20.8,True,2.0,20.8
-4.4,20.8,True,4.0,20.8
-4.5,20.7,True,9.0,20.8
-4.6,20.7,True,12.0,20.8
-4.5,20.7,True,15.0,20.8
-4.6,20.7,True,17.0,20.8
-4.5,20.7,True,27.0,20.8
-4.6,20.7,True,30.0,20.8
-4.5,20.7,True,35.0,20.8
-4.6,20.7,True,38.0,20.8
-4.5,20.6,True,40.0,20.8
-4.4,20.6,True,43.0,20.8
-4.5,20.7,True,48.0,20.8
-4.6,20.7,True,52.0,20.8
-4.7,20.7,True,55.0,20.8
-4.6,20.7,True,58.0,20.8
-4.6,20.8,True,65.0,20.8
-4.7,20.9,True,75.0,20.8
-4.8,21.0,True,78.0,20.8
-4.7,20.9,True,80.0,20.8
-4.8,21.0,True,85.0,20.8
-4.9,21.0,True,90.0,20.8
-4.8,21.0,True,93.0,20.8
-4.9,21.0,True,103.0,20.8
-5.0,21.0,True,106.0,20.8
-4.9,21.1,True,108.0,20.8
-5.0,21.1,True,111.0,20.8
-4.9,21.1,True,116.0,20.8
-5.0,21.2,True,134.0,20.8
-5.6,20.6,True,0.0,20.6
-5.7,20.6,True,5.0,20.6
-5.6,20.5,True,16.0,20.6
-5.7,20.6,True,18.0,20.6
-5.6,20.6,True,28.0,20.6
-5.5,20.6,True,31.0,20.6
-5.7,20.5,True,33.0,20.6
-5.6,20.6,True,36.0,20.6
-5.7,20.6,True,41.0,20.6
-5.6,20.5,True,51.0,20.6
-5.5,20.6,True,54.0,20.6
-5.6,20.6,True,59.0,20.6
-5.5,20.6,True,64.0,20.6
-5.6,20.6,True,66.0,20.6
-5.7,20.6,True,89.0,20.6
-5.6,20.6,True,96.0,20.6
-5.5,20.6,True,99.0,20.6
-5.6,20.6,True,109.0,20.6
-5.7,20.6,True,111.0,20.6
-5.6,20.6,True,0.0,20.6
-5.5,20.6,True,5.0,20.6
-5.4,20.6,True,8.0,20.6
-5.5,20.6,True,10.0,20.6
-5.4,20.6,True,14.0,20.6
-5.5,20.6,True,17.0,20.6
-5.4,20.6,True,20.0,20.6
-5.5,20.6,True,27.0,20.6
-5.4,20.6,True,30.0,20.6
-5.5,20.6,True,33.0,20.6
-5.4,20.6,True,50.0,20.6
-5.3,20.6,True,60.0,20.6
-5.2,20.6,True,80.0,20.6
-5.1,20.6,True,83.0,20.6
-5.0,20.6,True,89.0,20.6
-4.8,20.7,True,96.0,20.6
-4.7,20.7,True,99.0,20.6
-4.6,20.7,True,103.0,20.6
-4.5,20.7,True,109.0,20.6
-4.4,20.7,True,114.0,20.6
-2.7,21.0,True,0.0,21.0
-2.6,20.9,True,2.0,21.0
-2.7,20.9,True,9.0,21.0
-2.8,20.9,True,17.0,21.0
-2.7,20.9,True,19.0,21.0
-2.8,20.9,True,21.0,21.0
-2.7,20.9,True,26.0,21.0
-2.8,20.9,True,34.0,21.0
-2.9,20.9,True,42.0,21.0
-3.0,20.8,True,45.0,21.0
-2.9,20.8,True,47.0,21.0
-3.0,20.8,True,63.0,21.0
-3.1,20.8,True,65.0,21.0
-3.0,20.9,True,78.0,21.0
-2.9,20.9,True,85.0,21.0
-2.7,21.0,True,93.0,21.0
-2.6,21.0,True,116.0,21.0
-3.2,20.7,True,0.0,20.7
-3.3,20.8,True,2.0,20.7
-3.5,20.8,True,5.0,20.7
-3.4,20.7,True,7.0,20.7
-3.6,20.7,True,12.0,20.7
-3.7,20.7,True,17.0,20.7
-3.9,20.7,True,23.0,20.7
-4.1,20.7,True,25.0,20.7
-4.2,20.7,True,28.0,20.7
-4.1,20.7,True,30.0,20.7
-4.2,20.7,True,32.0,20.7
-4.1,20.7,True,38.0,20.7
-4.0,20.7,True,40.0,20.7
-3.7,20.7,True,42.0,20.7
-3.5,20.7,True,45.0,20.7
-3.4,20.6,True,48.0,20.7
-3.1,20.6,True,51.0,20.7
-3.0,20.6,True,55.0,20.7
-2.9,20.7,True,58.0,20.7
-2.7,20.6,True,60.0,20.7
-2.6,20.6,True,63.0,20.7
-2.5,20.6,True,65.0,20.7
-2.4,20.6,True,68.0,20.7
-2.3,20.6,True,70.0,20.7
-2.1,20.6,True,73.0,20.7
-1.9,20.6,True,75.0,20.7
-1.8,20.6,True,78.0,20.7
-1.7,20.7,True,81.0,20.7
-1.4,20.7,True,84.0,20.7
-1.2,20.7,True,86.0,20.7
-1.4,20.7,True,88.0,20.7
-1.8,20.7,True,91.0,20.7
-1.9,20.7,True,94.0,20.7
-2.3,20.7,True,98.0,20.7
-2.4,20.8,True,101.0,20.7
-2.2,20.7,True,104.0,20.7
-1.7,20.8,True,107.0,20.7
-1.4,20.8,True,109.0,20.7
-1.2,20.8,True,111.0,20.7
-1.0,20.8,True,114.0,20.7
-0.8,20.8,True,117.0,20.7
-0.3,21.0,True,0.0,21.0
-0.2,20.9,True,15.0,21.0
-0.1,20.9,True,17.0,21.0
-0.2,20.9,True,38.0,21.0
-0.1,20.9,True,55.0,21.0
0.0,20.9,True,58.0,21.0
-0.1,21.0,True,61.0,21.0
0.0,21.0,True,88.0,21.0
0.2,21.0,True,91.0,21.0
0.1,21.0,True,96.0,21.0
0.2,21.0,True,104.0,21.0
0.3,21.0,True,106.0,21.0
0.4,21.0,True,108.0,21.0
0.3,21.0,True,111.0,21.0
1.8,21.8,True,196.0,21.9
1.9,21.8,True,198.0,21.9
1.8,21.8,True,201.0,21.9
1.9,21.8,True,203.0,21.9
1.8,21.8,True,206.0,21.9
1.7,21.8,True,213.0,21.9
1.6,21.8,True,216.0,21.9
1.7,21.8,True,221.0,21.9
1.8,21.8,True,236.0,21.9
1.7,21.8,True,241.0,21.9
1.6,21.8,True,244.0,21.9
1.7,21.8,True,248.0,21.9
1.6,21.8,True,254.0,21.9
-1.0,21.0,True,0.0,21.0
-0.8,21.0,True,2.0,21.0
-0.6,21.0,True,4.0,21.0
-0.8,21.0,True,7.0,21.0
-0.7,21.0,True,14.0,21.0
-0.6,21.0,True,20.0,21.0
-0.3,21.0,True,22.0,21.0
-0.2,21.0,True,25.0,21.0
-0.1,21.0,True,29.0,21.0
-0.3,21.0,True,34.0,21.0
-0.4,21.0,True,37.0,21.0
-0.3,21.4,True,49.0,21.0
-0.2,21.4,True,52.0,21.0
0.0,21.6,True,65.0,21.0
0.1,21.6,True,67.0,21.0
0.2,21.6,True,69.0,21.0
0.3,21.7,True,75.0,21.0
0.4,21.8,True,78.0,21.0
0.5,21.8,True,80.0,21.0
0.7,21.8,True,85.0,21.0
0.8,21.8,True,88.0,21.0
0.9,21.8,True,92.0,21.0
0.8,21.7,True,98.0,21.0
0.9,21.7,True,101.0,21.0
1.1,21.7,True,103.0,21.0
1.2,21.6,True,105.0,21.0
1.3,21.6,True,111.0,21.0
1.5,21.6,True,113.0,21.0
1.7,21.5,True,115.0,21.0
1.6,21.5,True,118.0,21.0
1.5,21.5,True,121.0,21.0
1.6,21.5,True,123.0,21.0
1.8,21.5,True,130.0,21.0
1.7,21.5,True,133.0,21.0
1.6,21.5,True,135.0,21.0
4.2,21.8,True,58.0,21.9
4.1,21.8,True,61.0,21.9
4.0,21.8,True,63.0,21.9
3.9,21.8,True,65.0,21.9
3.8,21.8,True,68.0,21.9
3.6,21.8,True,73.0,21.9
3.8,21.8,True,76.0,21.9
3.9,21.8,True,80.0,21.9
4.0,21.8,True,90.0,21.9
4.1,21.8,True,92.0,21.9
4.2,21.8,True,95.0,21.9
4.1,21.8,True,100.0,21.9
4.4,21.8,True,103.0,21.9
4.3,21.8,True,105.0,21.9
4.1,21.7,True,111.0,21.9
4.0,21.7,True,121.0,21.9
3.9,21.7,True,123.0,21.9
4.0,21.7,True,126.0,21.9
-0.9,21.0,True,0.0,21.0
-1.0,21.0,True,2.0,21.0
-1.1,21.0,True,4.0,21.0
-1.2,21.0,True,15.0,21.0
-1.0,21.0,True,18.0,21.0
-0.9,21.0,True,20.0,21.0
-0.8,21.0,True,22.0,21.0
-0.9,21.0,True,24.0,21.0
-1.0,20.9,True,27.0,21.0
-0.9,21.0,True,32.0,21.0
-0.8,21.0,True,35.0,21.0
-0.9,20.9,True,40.0,21.0
-1.0,20.9,True,43.0,21.0
-0.9,20.9,True,47.0,21.0
-1.0,20.9,True,50.0,21.0
-0.9,20.9,True,57.0,21.0
-1.0,20.9,True,63.0,21.0
-1.1,20.9,True,65.0,21.0
-1.2,20.9,True,67.0,21.0
-1.1,20.9,True,78.0,21.0
-1.0,20.9,True,80.0,21.0
-1.1,20.9,True,83.0,21.0
-1.2,20.9,True,88.0,21.0
-1.1,20.9,True,91.0,21.0
-1.2,20.9,True,96.0,21.0
-1.0,21.0,True,109.0,21.0
-0.9,21.0,True,111.0,21.0
-0.8,21.0,True,122.0,21.0
-0.7,21.0,True,126.0,21.0
-0.6,21.0,True,129.0,21.0
-0.5,21.0,True,132.0,21.0
-0.3,21.0,True,134.0,21.0
-0.1,21.0,True,136.0,21.0
0.0,21.0,True,139.0,21.0
0.0,21.4,True,0.0,21.4
0.1,21.4,True,2.0,21.4
0.2,21.4,True,4.0,21.4
0.3,21.4,True,9.0,21.4
0.4,21.4,True,29.0,21.4
0.3,21.4,True,31.0,21.4
0.1,21.4,True,34.0,21.4
0.0,21.4,True,44.0,21.4
0.1,21.4,True,57.0,21.4
0.2,21.4,True,63.0,21.4
0.3,21.4,True,75.0,21.4
0.4,21.4,True,106.0,21.4
0.5,21.4,True,108.0,21.4
0.4,21.3,True,110.0,21.4
0.5,21.4,True,115.0,21.4
0.6,21.4,True,118.0,21.4
0.7,21.4,True,125.0,21.4
0.6,21.4,True,128.0,21.4
3.3,21.1,True,0.0,21.1
3.2,21.1,True,4.0,21.1
3.1,21.0,True,37.0,21.1
3.0,21.0,True,57.0,21.1
2.9,21.0,True,62.0,21.1
3.0,21.0,True,78.0,21.1
2.9,21.0,True,81.0,21.1
3.0,21.0,True,86.0,21.1
2.9,21.0,True,88.0,21.1
3.0,21.0,True,96.0,21.1
3.1,21.0,True,104.0,21.1
3.0,21.0,True,106.0,21.1
3.1,21.0,True,122.0,21.1
3.2,21.0,True,128.0,21.1
2.1,21.3,True,0.0,21.3
2.0,21.2,True,61.0,21.3
2.1,21.2,True,63.0,21.3
2.0,21.2,True,69.0,21.3
2.1,21.2,True,74.0,21.3
2.0,21.2,True,76.0,21.3
2.1,21.3,True,91.0,21.3
6.8,21.4,True,0.0,21.4
6.7,21.4,True,12.0,21.4
6.6,21.4,True,17.0,21.4
6.5,21.4,True,20.0,21.4
6.4,21.4,True,27.0,21.4
6.3,21.4,True,32.0,21.4
6.2,21.4,True,45.0,21.4
6.1,21.4,True,47.0,21.4
6.0,21.4,True,72.0,21.4
5.9,21.3,True,75.0,21.4
5.8,21.4,True,80.0,21.4
5.9,21.4,True,85.0,21.4
5.8,21.5,True,98.0,21.4
5.7,21.5,True,103.0,21.4
5.6,21.6,True,111.0,21.4
1.6,21.2,True,0.0,21.2
1.7,21.2,True,3.0,21.2
1.6,21.2,True,5.0,21.2
1.5,21.2,True,8.0,21.2
1.6,21.1,True,10.0,21.2
1.7,21.2,True,12.0,21.2
1.8,21.1,True,18.0,21.2
1.9,21.1,True,23.0,21.2
2.0,21.1,True,26.0,21.2
2.2,21.1,True,31.0,21.2
2.3,21.1,True,35.0,21.2
2.5,21.1,True,38.0,21.2
2.6,21.1,True,41.0,21.2
2.7,21.1,True,43.0,21.2
2.8,21.1,True,46.0,21.2
2.9,21.1,True,49.0,21.2
3.1,21.1,True,64.0,21.2
3.2,21.1,True,66.0,21.2
3.1,21.1,True,71.0,21.2
3.0,21.1,True,74.0,21.2
2.9,21.1,True,86.0,21.2
3.0,21.1,True,88.0,21.2
3.1,21.1,True,90.0,21.2
3.2,21.3,True,101.0,21.2
3.3,21.4,True,103.0,21.2
3.2,21.5,True,106.0,21.2
3.3,21.7,True,119.0,21.2
3.4,21.7,True,121.0,21.2
3.5,21.8,True,127.0,21.2
3.6,21.9,True,129.0,21.2
6.5,21.5,True,0.0,21.5
6.4,21.5,True,20.0,21.5
6.3,21.5,True,43.0,21.5
6.2,21.4,True,62.0,21.5
6.3,21.4,True,65.0,21.5
6.2,21.4,True,116.0,21.5
6.1,21.4,True,119.0,21.5
6.2,21.4,True,121.0,21.5
6.1,21.4,True,123.0,21.5
2.4,21.6,True,0.0,21.6
2.5,21.5,True,2.0,21.6
2.6,21.5,True,3.0,21.6
2.7,21.4,True,6.0,21.6
2.8,21.4,True,7.0,21.6
2.9,21.4,True,8.0,21.6
3.0,21.4,True,10.0,21.6
3.1,21.5,True,15.0,21.6
3.0,21.5,True,18.0,21.6
3.1,21.5,True,18.0,21.6
3.2,21.6,True,20.0,21.6
3.3,21.6,True,20.0,21.6
3.4,21.6,True,22.0,21.6
3.5,21.6,True,22.0,21.6
3.6,21.6,True,23.0,21.6
3.7,21.6,True,24.0,21.6
6.4,21.7,True,0.0,21.7
6.3,21.7,True,4.0,21.7
6.2,21.7,True,8.0,21.7
6.1,21.7,True,17.0,21.7
6.2,21.7,True,22.0,21.7
6.1,21.7,True,24.0,21.7
6.0,21.7,True,26.0,21.7
5.9,21.7,True,28.0,21.7
5.8,21.7,True,31.0,21.7
5.7,21.7,True,37.0,21.7
5.6,21.7,True,43.0,21.7
5.5,21.7,True,46.0,21.7
5.4,21.7,True,48.0,21.7
5.3,21.7,True,55.0,21.7
5.4,21.7,True,57.0,21.7
5.5,21.7,True,58.0,21.7
5.6,21.7,True,58.0,21.7
5.7,21.6,True,61.0,21.7
5.8,21.6,True,62.0,21.7
5.9,21.7,True,71.0,21.7
6.0,21.7,True,74.0,21.7
6.1,21.8,True,77.0,21.7
6.2,21.7,True,82.0,21.7
6.3,21.7,True,86.0,21.7
6.4,21.7,True,91.0,21.7
6.5,21.7,True,96.0,21.7
6.6,21.7,True,101.0,21.7
6.7,21.6,True,105.0,21.7
6.6,21.6,True,114.0,21.7
6.7,21.6,True,118.0,21.7
6.6,21.7,True,132.0,21.7
6.5,21.7,True,135.0,21.7
11.6,21.8,True,0.0,21.8
11.7,21.8,True,6.0,21.8
11.8,21.8,True,14.0,21.8
11.9,21.8,True,15.0,21.8
11.8,21.8,True,19.0,21.8
11.7,21.8,True,24.0,21.8
11.6,21.8,True,26.0,21.8
11.5,21.8,True,29.0,21.8
11.4,21.8,True,33.0,21.8
11.3,21.7,True,36.0,21.8
11.2,21.7,True,43.0,21.8
11.1,21.7,True,46.0,21.8
11.2,21.7,True,49.0,21.8
11.3,21.7,True,49.0,21.8
11.4,21.7,True,52.0,21.8
11.3,21.7,True,54.0,21.8
11.2,21.7,True,56.0,21.8
11.1,21.7,True,62.0,21.8
11.0,21.7,True,74.0,21.8
10.9,21.7,True,78.0,21.8
10.8,21.7,True,80.0,21.8
10.7,21.7,True,82.0,21.8
10.8,21.7,True,86.0,21.8
10.7,21.7,True,96.0,21.8
10.6,21.7,True,100.0,21.8
10.5,21.7,True,104.0,21.8
10.6,21.8,True,107.0,21.8
7.7,21.7,True,0.0,21.7
7.8,21.7,True,1.0,21.7
7.9,21.7,True,13.0,21.7
8.0,21.7,True,20.0,21.7
7.9,21.6,True,23.0,21.7
7.8,21.7,True,26.0,21.7
7.9,21.6,True,29.0,21.7
7.8,21.6,True,31.0,21.7
7.9,21.6,True,36.0,21.7
7.8,21.6,True,39.0,21.7
7.7,21.5,True,45.0,21.7
7.6,21.5,True,48.0,21.7
7.5,21.4,True,49.0,21.7
7.4,21.4,True,58.0,21.7
7.5,21.4,True,59.0,21.7
7.4,21.3,True,63.0,21.7
7.3,21.3,True,63.0,21.7
7.2,21.3,True,67.0,21.7
7.1,21.3,True,71.0,21.7
6.9,21.3,True,72.0,21.7
6.8,21.3,True,75.0,21.7
6.7,21.3,True,76.0,21.7
6.6,21.4,True,82.0,21.7
6.5,21.4,True,86.0,21.7
6.4,21.4,True,88.0,21.7
6.5,21.4,True,92.0,21.7
6.4,21.4,True,95.0,21.7
6.5,21.4,True,99.0,21.7
6.4,21.4,True,106.0,21.7
6.3,21.4,True,109.0,21.7
6.2,21.4,True,115.0,21.7
6.1,21.5,True,119.0,21.7
8.5,21.6,True,0.0,21.6
8.4,21.6,True,13.0,21.6
8.3,21.6,True,25.0,21.6
8.2,21.6,True,43.0,21.6
8.1,21.6,True,58.0,21.6
8.0,21.7,True,101.0,21.6
7.9,21.7,True,118.0,21.6
4.8,21.5,True,0.0,21.5
4.9,21.5,True,1.0,21.5
4.8,21.5,True,13.0,21.5
4.9,21.5,True,13.0,21.5
4.8,21.5,True,14.0,21.5
4.9,21.5,True,22.0,21.5
5.0,21.5,True,40.0,21.5
4.9,21.5,True,53.0,21.5
4.8,21.5,True,66.0,21.5
4.7,21.5,True,68.0,21.5
4.8,21.5,True,76.0,21.5
4.7,21.5,True,83.0,21.5
4.8,21.6,True,98.0,21.5
4.9,21.5,True,108.0,21.5
5.0,21.5,True,122.0,21.5
5.1,21.6,True,137.0,21.5
6.4,21.6,True,0.0,21.6
6.3,21.6,True,4.0,21.6
6.2,21.6,True,10.0,21.6
6.1,21.6,True,15.0,21.6
6.0,21.5,True,18.0,21.6
5.9,21.5,True,21.0,21.6
5.8,21.5,True,31.0,21.6
5.7,21.5,True,36.0,21.6
5.6,21.5,True,39.0,21.6
5.7,21.5,True,42.0,21.6
5.6,21.5,True,46.0,21.6
5.5,21.5,True,47.0,21.6
5.4,21.5,True,49.0,21.6
5.3,21.5,True,53.0,21.6
5.2,21.5,True,55.0,21.6
5.1,21.5,True,59.0,21.6
5.2,21.5,True,64.0,21.6
5.1,21.5,True,65.0,21.6
5.0,21.6,True,72.0,21.6
4.9,21.6,True,80.0,21.6
4.8,21.6,True,85.0,21.6
4.9,21.5,True,86.0,21.6
5.0,21.6,True,89.0,21.6
5.1,21.5,True,96.0,21.6
5.2,21.5,True,101.0,21.6
5.3,21.5,True,105.0,21.6
5.4,21.5,True,112.0,21.6
5.5,21.5,True,118.0,21.6
5.6,21.6,True,128.0,21.6
8.5,21.6,True,0.0,21.6
8.6,21.6,True,1.0,21.6
8.5,21.6,True,3.0,21.6
8.4,21.6,True,5.0,21.6
8.3,21.6,True,12.0,21.6
8.2,21.6,True,16.0,21.6
8.3,21.6,True,23.0,21.6
8.2,21.5,True,25.0,21.6
8.3,21.5,True,28.0,21.6
8.4,21.5,True,30.0,21.6
8.3,21.5,True,32.0,21.6
8.2,21.5,True,33.0,21.6
8.1,21.5,True,37.0,21.6
8.0,21.5,True,40.0,21.6
7.9,21.5,True,46.0,21.6
8.0,21.5,True,48.0,21.6
7.9,21.5,True,50.0,21.6
7.8,21.5,True,50.0,21.6
7.7,21.4,True,53.0,21.6
7.6,21.4,True,57.0,21.6
7.7,21.4,True,57.0,21.6
7.8,21.4,True,61.0,21.6
7.9,21.3,True,65.0,21.6
7.8,21.3,True,68.0,21.6
7.9,21.3,True,69.0,21.6
8.0,21.3,True,69.0,21.6
8.1,21.3,True,72.0,21.6
8.2,21.3,True,74.0,21.6
8.3,21.3,True,76.0,21.6
8.4,21.3,True,76.0,21.6
8.3,21.3,True,79.0,21.6
8.2,21.3,True,81.0,21.6
8.1,21.3,True,82.0,21.6
8.0,21.3,True,85.0,21.6
8.1,21.3,True,89.0,21.6
8.2,21.3,True,90.0,21.6
8.3,21.3,True,90.0,21.6
8.4,21.3,True,91.0,21.6
8.5,21.4,True,99.0,21.6
8.6,21.4,True,101.0,21.6
8.7,21.4,True,103.0,21.6
8.8,21.4,True,103.0,21.6
9.0,21.4,True,108.0,21.6
9.1,21.4,True,116.0,21.6
9.2,21.4,True,118.0,21.6
9.3,21.4,True,125.0,21.6
9.4,21.4,True,134.0,21.6
9.3,21.4,True,136.0,21.6
9.4,21.4,True,143.0,21.6
9.5,21.4,True,143.0,21.6
9.7,21.4,True,145.0,21.6
9.6,21.4,True,146.0,21.6
9.5,21.4,True,148.0,21.6
3.9,21.6,True,0.0,21.6
4.0,21.6,True,2.0,21.6
3.9,21.6,True,10.0,21.6
4.0,21.6,True,14.0,21.6
3.9,21.5,True,20.0,21.6
4.0,21.5,True,21.0,21.6
4.1,21.5,True,22.0,21.6
4.2,21.5,True,24.0,21.6
4.1,21.5,True,30.0,21.6
4.2,21.5,True,32.0,21.6
4.1,21.5,True,33.0,21.6
4.0,21.4,True,35.0,21.6
3.9,21.4,True,35.0,21.6
3.8,21.5,True,39.0,21.6
3.9,21.4,True,41.0,21.6
4.0,21.4,True,41.0,21.6
4.1,21.4,True,43.0,21.6
4.2,21.4,True,48.0,21.6
4.1,21.4,True,49.0,21.6
4.0,21.4,True,51.0,21.6
4.1,21.4,True,52.0,21.6
4.0,21.4,True,55.0,21.6
3.9,21.4,True,56.0,21.6
3.8,21.4,True,57.0,21.6
3.7,21.4,True,57.0,21.6
3.5,21.4,True,58.0,21.6
3.4,21.4,True,58.0,21.6
3.2,21.4,True,59.0,21.6
3.1,21.4,True,60.0,21.6
3.0,21.4,True,63.0,21.6
3.1,21.3,True,66.0,21.6
3.0,21.2,True,69.0,21.6
3.1,21.0,True,75.0,21.6
3.0,21.0,True,79.0,21.6
2.9,21.0,True,81.0,21.6
2.8,21.0,True,83.0,21.6
2.7,21.0,True,84.0,21.6
2.6,21.0,True,86.0,21.6
2.5,21.0,True,88.0,21.6
2.4,21.0,True,89.0,21.6
2.3,21.1,True,95.0,21.6
2.4,21.1,True,96.0,21.6
2.5,21.2,True,98.0,21.6
2.6,21.2,True,107.0,21.6
2.5,21.2,True,109.0,21.6
2.6,21.1,True,114.0,21.6
2.7,21.1,True,115.0,21.6
2.8,21.1,True,116.0,21.6
2.9,21.1,True,117.0,21.6
3.1,21.1,True,118.0,21.6
3.2,21.1,True,119.0,21.6
3.3,21.1,True,120.0,21.6
3.4,21.1,True,121.0,21.6
3.5,21.1,True,122.0,21.6
3.6,21.1,True,124.0,21.6
3.7,21.1,True,125.0,21.6
3.8,21.1,True,125.0,21.6
3.9,21.1,True,127.0,21.6
3.8,21.1,True,128.0,21.6
3.7,21.1,True,131.0,21.6
3.8,21.1,True,132.0,21.6
3.9,21.1,True,132.0,21.6
4.0,21.1,True,133.0,21.6
4.1,21.2,True,135.0,21.6
4.0,21.2,True,135.0,21.6
3.6,21.1,True,136.0,21.6
3.2,21.1,True,136.0,21.6
3.0,21.1,True,137.0,21.6
2.9,21.2,True,138.0,21.6
2.8,21.2,True,139.0,21.6
2.7,21.1,True,142.0,21.6
2.8,21.1,True,143.0,21.6
2.9,21.2,True,144.0,21.6
3.0,21.2,True,144.0,21.6
3.2,21.2,True,146.0,21.6
3.3,21.2,True,148.0,21.6
1.0,21.4,True,0.0,21.4
1.1,21.4,True,0.0,21.4
1.2,21.4,True,9.0,21.4
1.3,21.4,True,17.0,21.4
1.2,21.4,True,19.0,21.4
1.1,21.4,True,20.0,21.4
1.0,21.4,True,21.0,21.4
0.9,21.4,True,29.0,21.4
1.0,21.4,True,30.0,21.4
1.1,21.4,True,32.0,21.4
1.2,21.4,True,35.0,21.4
1.3,21.3,True,50.0,21.4
1.2,21.3,True,53.0,21.4
1.1,21.3,True,56.0,21.4
1.0,21.3,True,61.0,21.4
0.9,21.3,True,68.0,21.4
0.8,21.3,True,69.0,21.4
0.7,21.3,True,71.0,21.4
0.6,21.4,True,73.0,21.4
0.5,21.4,True,80.0,21.4
0.4,21.4,True,83.0,21.4
0.5,21.4,True,87.0,21.4
0.6,21.4,True,89.0,21.4
0.7,21.5,True,91.0,21.4
0.8,21.5,True,94.0,21.4
0.7,21.5,True,98.0,21.4
0.8,21.5,True,99.0,21.4
0.9,21.5,True,100.0,21.4
1.0,21.5,True,103.0,21.4
0.9,21.5,True,107.0,21.4
1.0,21.4,True,108.0,21.4
8.7,21.7,True,0.0,21.7
8.6,21.7,True,57.0,21.7
8.7,21.7,True,70.0,21.7
8.6,21.8,True,75.0,21.7
2.0,21.4,True,0.0,21.4
1.9,21.4,True,7.0,21.4
1.8,21.4,True,13.0,21.4
1.7,21.4,True,22.0,21.4
1.6,21.4,True,26.0,21.4
1.5,21.4,True,28.0,21.4
1.6,21.4,True,32.0,21.4
1.5,21.4,True,37.0,21.4
1.6,21.4,True,40.0,21.4
1.7,21.4,True,43.0,21.4
1.8,21.3,True,47.0,21.4
1.9,21.3,True,50.0,21.4
2.0,21.3,True,52.0,21.4
2.1,21.3,True,54.0,21.4
2.0,21.3,True,58.0,21.4
2.1,21.3,True,68.0,21.4
2.2,21.4,True,76.0,21.4
2.1,21.4,True,80.0,21.4
2.0,21.4,True,81.0,21.4
2.1,21.4,True,84.0,21.4
2.0,21.4,True,87.0,21.4
2.1,21.5,True,94.0,21.4
2.2,21.5,True,97.0,21.4
2.1,21.5,True,100.0,21.4
2.2,21.5,True,112.0,21.4
2.3,21.4,True,118.0,21.4
2.2,21.4,True,121.0,21.4
2.3,21.4,True,131.0,21.4
2.4,21.4,True,137.0,21.4
2.3,21.4,True,139.0,21.4
2.4,21.4,True,141.0,21.4
2.5,21.4,True,142.0,21.4
2.4,21.4,True,145.0,21.4
0.6,21.9,True,0.0,21.9
0.5,21.8,True,13.0,21.9
0.4,21.8,True,33.0,21.9
0.3,21.8,True,37.0,21.9
0.2,21.8,True,55.0,21.9
0.3,21.8,True,58.0,21.9
0.2,21.8,True,62.0,21.9
0.1,21.8,True,72.0,21.9
0.0,21.8,True,76.0,21.9
0.1,21.8,True,80.0,21.9
0.0,21.8,True,85.0,21.9
-0.1,21.8,True,89.0,21.9
-0.2,21.8,True,99.0,21.9
-0.3,21.8,True,107.0,21.9
-0.4,21.8,True,112.0,21.9
-0.5,21.8,True,114.0,21.9
-0.6,21.8,True,115.0,21.9
-0.5,21.8,True,117.0,21.9
-0.4,21.8,True,131.0,21.9
-0.5,21.8,True,135.0,21.9
-0.6,21.8,True,148.0,21.9
-0.7,21.8,True,158.0,21.9
-0.8,21.8,True,163.0,21.9
-0.7,21.8,True,170.0,21.9
-0.6,21.8,True,177.0,21.9
-0.5,21.8,True,180.0,21.9
-0.4,21.8,True,187.0,21.9
-0.3,21.9,True,202.0,21.9
-0.2,21.8,True,213.0,21.9
-0.1,21.8,True,223.0,21.9
0.0,21.8,True,227.0,21.9
0.1,21.8,True,231.0,21.9
0.2,21.9,True,241.0,21.9
3.0,21.7,True,113.0,21.8
2.9,21.7,True,119.0,21.8
3.0,21.7,True,125.0,21.8
2.9,21.7,True,130.0,21.8
2.8,21.7,True,132.0,21.8
2.7,21.7,True,133.0,21.8
2.8,21.7,True,136.0,21.8
2.9,21.7,True,139.0,21.8
2.8,21.7,True,140.0,21.8
2.7,21.7,True,142.0,21.8
2.8,21.7,True,145.0,21.8
2.7,21.7,True,147.0,21.8
2.6,21.8,True,157.0,21.8
2.7,21.8,True,157.0,21.8
4.3,21.3,True,0.0,21.3
4.4,21.2,True,1.0,21.3
4.3,21.3,True,4.0,21.3
4.4,21.3,True,6.0,21.3
4.3,21.2,True,22.0,21.3
4.2,21.2,True,23.0,21.3
4.3,21.2,True,23.0,21.3
4.2,21.2,True,24.0,21.3
4.3,21.2,True,29.0,21.3
4.4,21.2,True,35.0,21.3
4.5,21.2,True,45.0,21.3
4.4,21.2,True,51.0,21.3
4.3,21.2,True,53.0,21.3
4.2,21.2,True,56.0,21.3
4.1,21.2,True,60.0,21.3
4.0,21.2,True,65.0,21.3
3.9,21.2,True,72.0,21.3
3.8,21.2,True,74.0,21.3
3.9,21.2,True,79.0,21.3
4.0,21.2,True,86.0,21.3
3.9,21.2,True,90.0,21.3
3.8,21.2,True,94.0,21.3
3.7,21.2,True,97.0,21.3
3.6,21.2,True,98.0,21.3
3.5,21.2,True,101.0,21.3
3.6,21.3,True,107.0,21.3
3.7,21.3,True,109.0,21.3
3.8,21.3,True,111.0,21.3
3.9,20.9,True,117.0,21.3
4.0,20.9,True,118.0,21.3
4.1,20.9,True,127.0,21.3
4.2,20.9,True,130.0,21.3
8.8,21.4,True,0.0,21.4
8.7,21.4,True,1.0,21.4
8.6,21.4,True,8.0,21.4
8.5,21.4,True,9.0,21.4
8.4,21.4,True,11.0,21.4
8.3,21.4,True,11.0,21.4
8.4,21.4,True,13.0,21.4
8.3,21.4,True,14.0,21.4
8.2,21.4,True,15.0,21.4
8.1,21.4,True,16.0,21.4
8.0,21.4,True,16.0,21.4
7.9,21.4,True,17.0,21.4
7.8,21.4,True,18.0,21.4
7.7,21.4,True,19.0,21.4
7.6,21.4,True,20.0,21.4
7.5,21.4,True,21.0,21.4
7.6,21.4,True,22.0,21.4
7.7,21.4,True,23.0,21.4
7.8,21.4,True,24.0,21.4
7.9,21.4,True,25.0,21.4
8.0,21.4,True,25.0,21.4
8.1,21.4,True,30.0,21.4
8.2,21.4,True,33.0,21.4
8.1,21.3,True,33.0,21.4
8.0,21.3,True,35.0,21.4
7.9,21.3,True,36.0,21.4
7.8,21.3,True,37.0,21.4
7.7,21.3,True,41.0,21.4
7.6,21.3,True,42.0,21.4
7.5,21.3,True,45.0,21.4
7.4,21.3,True,46.0,21.4
7.5,21.3,True,47.0,21.4
7.6,21.3,True,47.0,21.4
7.7,21.3,True,49.0,21.4
7.8,21.3,True,52.0,21.4
7.9,21.2,True,55.0,21.4
8.0,21.2,True,56.0,21.4
8.1,21.2,True,56.0,21.4
8.3,21.2,True,57.0,21.4
8.4,21.2,True,61.0,21.4
8.3,21.2,True,61.0,21.4
8.2,21.2,True,63.0,21.4
8.1,21.2,True,64.0,21.4
8.0,21.2,True,65.0,21.4
7.9,21.3,True,66.0,21.4
7.8,21.3,True,68.0,21.4
7.7,21.3,True,72.0,21.4
7.6,21.3,True,74.0,21.4
7.7,21.3,True,76.0,21.4
7.8,21.3,True,79.0,21.4
7.9,21.3,True,80.0,21.4
8.0,21.3,True,81.0,21.4
8.1,21.3,True,84.0,21.4
8.0,21.4,True,93.0,21.4
8.1,21.4,True,94.0,21.4
8.2,21.4,True,96.0,21.4
8.3,21.4,True,99.0,21.4
8.2,21.4,True,100.0,21.4
8.1,21.4,True,103.0,21.4
8.0,21.4,True,104.0,21.4
8.1,21.4,True,106.0,21.4
8.0,21.4,True,110.0,21.4
7.9,21.4,True,111.0,21.4
7.8,21.4,True,115.0,21.4
7.7,21.4,True,116.0,21.4
7.6,21.4,True,117.0,21.4
7.5,21.4,True,125.0,21.4
7.6,21.4,True,125.0,21.4
7.7,21.4,True,126.0,21.4
7.8,21.4,True,126.0,21.4
7.9,21.4,True,128.0,21.4
8.0,21.4,True,130.0,21.4
8.1,21.4,True,130.0,21.4
8.2,21.4,True,134.0,21.4
8.3,21.4,True,135.0,21.4
8.4,21.4,True,139.0,21.4
8.5,21.4,True,143.0,21.4
4.2,21.5,True,0.0,21.5
4.1,21.4,True,5.0,21.5
4.0,21.4,True,5.0,21.5
3.9,21.4,True,7.0,21.5
3.8,21.4,True,10.0,21.5
3.7,21.4,True,13.0,21.5
3.6,21.4,True,14.0,21.5
3.5,21.4,True,17.0,21.5
3.6,21.4,True,19.0,21.5
3.7,21.4,True,20.0,21.5
3.8,21.4,True,21.0,21.5
3.9,21.4,True,24.0,21.5
3.8,21.4,True,26.0,21.5
3.7,21.4,True,27.0,21.5
3.6,21.4,True,29.0,21.5
3.5,21.4,True,37.0,21.5
3.4,21.4,True,38.0,21.5
3.3,21.4,True,48.0,21.5
3.4,21.4,True,50.0,21.5
3.3,21.3,True,55.0,21.5
3.2,21.2,True,60.0,21.5
3.3,21.1,True,63.0,21.5
3.2,21.0,True,64.0,21.5
3.1,21.0,True,65.0,21.5
3.0,21.0,True,66.0,21.5
2.9,20.9,True,67.0,21.5
2.8,20.8,True,69.0,21.5
2.7,20.8,True,72.0,21.5
2.6,20.8,True,79.0,21.5
2.5,20.8,True,80.0,21.5
2.4,20.8,True,82.0,21.5
2.5,20.9,True,89.0,21.5
2.6,20.9,True,90.0,21.5
2.7,20.9,True,91.0,21.5
2.8,20.9,True,93.0,21.5
2.9,20.9,True,95.0,21.5
2.7,21.0,True,101.0,21.5
2.6,21.0,True,103.0,21.5
2.5,20.9,True,109.0,21.5
2.4,21.0,True,112.0,21.5
2.3,21.0,True,112.0,21.5
2.2,21.0,True,113.0,21.5
2.1,21.0,True,114.0,21.5
2.0,21.0,True,114.0,21.5
1.9,21.0,True,115.0,21.5
1.8,21.0,True,115.0,21.5
1.7,21.0,True,116.0,21.5
1.6,21.0,True,116.0,21.5
1.5,21.0,True,117.0,21.5
1.3,21.0,True,118.0,21.5
1.2,21.0,True,120.0,21.5
1.1,21.0,True,122.0,21.5
1.0,21.0,True,127.0,21.5
1.1,21.0,True,128.0,21.5
1.2,21.0,True,129.0,21.5
1.3,21.0,True,130.0,21.5
1.4,21.0,True,136.0,21.5
1.3,21.0,True,136.0,21.5
1.2,21.0,True,137.0,21.5
1.1,21.0,True,137.0,21.5
1.0,21.1,True,138.0,21.5
0.9,21.1,True,139.0,21.5
0.8,21.1,True,139.0,21.5
0.7,21.0,True,141.0,21.5
0.6,21.1,True,145.0,21.5
4.3,21.3,True,0.0,21.3
4.4,21.3,True,5.0,21.3
4.3,21.3,True,5.0,21.3
4.4,21.0,True,57.0,21.3
4.5,21.0,True,58.0,21.3
4.4,21.0,True,60.0,21.3
4.5,21.1,True,91.0,21.3
4.6,21.1,True,96.0,21.3
4.5,21.1,True,98.0,21.3
4.6,21.2,True,105.0,21.3
4.5,21.1,True,110.0,21.3
3.4,21.3,True,0.0,21.3
3.3,21.3,True,2.0,21.3
3.2,21.4,True,5.0,21.3
3.1,21.4,True,12.0,21.3
3.0,21.3,True,20.0,21.3
3.1,21.3,True,33.0,21.3
3.2,21.3,True,36.0,21.3
3.1,21.2,True,44.0,21.3
3.2,21.2,True,60.0,21.3
3.3,21.2,True,64.0,21.3
3.2,21.2,True,65.0,21.3
3.3,21.2,True,73.0,21.3
3.4,21.2,True,79.0,21.3
3.5,21.2,True,83.0,21.3
3.6,21.3,True,88.0,21.3
3.7,21.3,True,97.0,21.3
3.8,21.3,True,106.0,21.3
6.7,22.1,True,32.0,21.8
6.6,22.1,True,34.0,21.8
6.5,22.1,True,36.0,21.8
6.0,21.4,True,0.0,21.4
6.1,21.5,True,4.0,21.4
6.0,21.5,True,11.0,21.4
5.9,21.5,True,12.0,21.4
5.8,21.4,True,28.0,21.4
5.9,21.4,True,29.0,21.4
6.0,21.4,True,30.0,21.4
6.1,21.5,True,32.0,21.4
6.2,21.5,True,37.0,21.4
6.3,21.5,True,44.0,21.4
6.4,21.5,True,47.0,21.4
6.3,21.5,True,51.0,21.4
6.4,21.6,True,71.0,21.4
6.5,21.6,True,99.0,21.4
6.6,21.7,True,120.0,21.4
6.5,21.6,True,124.0,21.4
6.4,21.6,True,129.0,21.4
6.3,21.6,True,130.0,21.4
6.2,21.6,True,135.0,21.4
6.1,21.6,True,137.0,21.4
6.0,21.5,True,144.0,21.4
5.2,21.4,True,0.0,21.4
5.3,21.4,True,14.0,21.4
5.2,21.4,True,15.0,21.4
5.3,21.4,True,19.0,21.4
5.2,21.4,True,22.0,21.4
5.3,21.4,True,26.0,21.4
5.2,21.4,True,35.0,21.4
5.3,21.4,True,38.0,21.4
5.2,21.4,True,62.0,21.4
5.3,21.4,True,75.0,21.4
5.2,21.4,True,79.0,21.4
5.3,21.4,True,84.0,21.4
5.2,21.4,True,89.0,21.4
5.3,21.5,True,103.0,21.4
5.4,21.4,True,106.0,21.4
5.3,21.6,True,131.0,21.4
4.2,21.4,True,0.0,21.4
4.3,21.4,True,23.0,21.4
4.2,21.3,True,60.0,21.4
4.3,21.3,True,62.0,21.4
4.2,21.4,True,65.0,21.4
4.3,21.4,True,89.0,21.4
4.4,21.4,True,102.0,21.4
4.3,21.4,True,105.0,21.4
4.4,21.4,True,135.0,21.4
3.8,21.5,True,0.0,21.5
3.9,21.5,True,5.0,21.5
3.8,21.5,True,8.0,21.5
3.7,21.5,True,11.0,21.5
3.6,21.5,True,24.0,21.5
3.5,21.4,True,25.0,21.5
3.6,21.4,True,25.0,21.5
3.5,21.4,True,30.0,21.5
3.4,21.4,True,40.0,21.5
3.3,21.4,True,43.0,21.5
3.2,21.4,True,55.0,21.5
3.3,21.4,True,66.0,21.5
3.4,21.4,True,69.0,21.5
3.5,21.4,True,70.0,21.5
3.6,21.4,True,75.0,21.5
3.7,21.4,True,79.0,21.5
3.6,21.4,True,81.0,21.5
3.5,21.4,True,85.0,21.5
3.4,21.4,True,97.0,21.5
3.5,21.4,True,99.0,21.5
3.6,21.5,True,113.0,21.5
3.7,21.5,True,116.0,21.5
3.8,21.5,True,123.0,21.5
3.9,21.5,True,130.0,21.5
4.0,21.6,True,137.0,21.5
4.1,21.6,True,138.0,21.5
4.2,21.6,True,143.0,21.5
-0.3,21.2,True,0.0,21.2
-0.2,21.2,True,6.0,21.2
-0.3,21.2,True,11.0,21.2
-0.2,21.2,True,18.0,21.2
-0.1,21.3,True,30.0,21.2
-0.2,21.3,True,35.0,21.2
-0.1,21.4,True,40.0,21.2
0.0,21.2,True,58.0,21.2
-0.1,21.2,True,60.0,21.2
0.0,21.1,True,66.0,21.2
0.1,21.1,True,76.0,21.2
0.2,21.2,True,83.0,21.2
0.3,21.6,True,98.0,21.2
0.2,21.6,True,101.0,21.2
0.3,21.8,True,107.0,21.2
0.2,21.9,True,111.0,21.2
0.3,22.0,True,118.0,21.2
0.2,22.1,True,124.0,21.2
3.2,21.0,True,0.0,21.0
3.3,21.0,True,73.0,21.0
4.9,21.2,True,0.0,21.2
4.8,21.3,True,11.0,21.2
4.9,21.3,True,12.0,21.2
4.8,21.3,True,12.0,21.2
4.9,21.2,True,16.0,21.2
4.8,21.3,True,23.0,21.2
4.9,21.2,True,29.0,21.2
5.0,21.2,True,37.0,21.2
5.1,21.2,True,54.0,21.2
5.0,21.3,True,60.0,21.2
5.1,21.4,True,99.0,21.2
1.1,21.2,True,0.0,21.2
1.2,21.2,True,1.0,21.2
1.3,21.2,True,8.0,21.2
1.4,21.2,True,20.0,21.2
1.3,21.2,True,32.0,21.2
1.2,21.2,True,39.0,21.2
1.1,21.1,True,41.0,21.2
1.0,21.2,True,44.0,21.2
1.1,21.1,True,55.0,21.2
1.2,21.1,True,57.0,21.2
1.1,21.1,True,59.0,21.2
1.2,21.0,True,60.0,21.2
1.1,21.0,True,61.0,21.2
1.0,21.0,True,69.0,21.2
1.1,21.0,True,73.0,21.2
1.0,21.0,True,77.0,21.2
1.1,21.0,True,82.0,21.2
1.2,21.1,True,84.0,21.2
1.3,21.1,True,88.0,21.2
1.2,21.1,True,92.0,21.2
1.3,21.1,True,96.0,21.2
1.2,21.2,True,100.0,21.2
1.1,21.2,True,103.0,21.2
1.2,21.2,True,106.0,21.2
1.1,21.2,True,108.0,21.2
1.0,21.2,True,111.0,21.2
0.9,21.2,True,112.0,21.2
0.7,21.2,True,113.0,21.2
0.6,21.1,True,116.0,21.2
0.5,21.1,True,119.0,21.2
0.4,21.1,True,124.0,21.2
0.3,21.1,True,131.0,21.2
0.2,21.1,True,143.0,21.2
0.1,21.1,True,144.0,21.2
0.2,21.1,True,144.0,21.2
0.1,21.1,True,149.0,21.2
4.7,21.4,True,0.0,21.4
4.6,21.4,True,5.0,21.4
4.7,21.4,True,8.0,21.4
4.6,21.3,True,32.0,21.4
4.7,21.3,True,40.0,21.4
4.8,21.3,True,55.0,21.4
4.9,21.4,True,102.0,21.4
5.0,21.4,True,124.0,21.4
-0.9,21.3,True,0.0,21.3
-0.8,21.3,True,5.0,21.3
-0.7,21.3,True,8.0,21.3
-0.6,21.3,True,15.0,21.3
-0.5,21.3,True,20.0,21.3
-0.4,21.2,True,25.0,21.3
-0.3,21.3,True,26.0,21.3
-0.2,21.3,True,32.0,21.3
-0.1,21.2,True,36.0,21.3
0.0,21.2,True,54.0,21.3
0.1,21.2,True,64.0,21.3
0.2,21.2,True,65.0,21.3
0.1,21.2,True,66.0,21.3
0.2,21.2,True,67.0,21.3
0.1,21.2,True,67.0,21.3
0.2,21.3,True,82.0,21.3
0.3,21.2,True,88.0,21.3
0.4,21.2,True,97.0,21.3
0.3,21.3,True,106.0,21.3
0.2,21.3,True,115.0,21.3
0.1,21.3,True,129.0,21.3
-1.5,20.9,True,0.0,20.9
-1.4,20.8,True,23.0,20.9
-1.3,20.8,True,30.0,20.9
-1.2,20.8,True,50.0,20.9
-1.3,20.7,True,61.0,20.9
-1.4,20.6,True,64.0,20.9
-1.3,20.6,True,65.0,20.9
-1.2,20.6,True,69.0,20.9
-1.1,20.6,True,72.0,20.9
-1.0,20.6,True,88.0,20.9
-1.1,20.6,True,88.0,20.9
-1.2,20.7,True,89.0,20.9
-1.3,20.7,True,93.0,20.9
-1.4,20.7,True,103.0,20.9
-1.3,20.7,True,107.0,20.9
-1.2,20.8,True,117.0,20.9
-1.1,20.9,True,131.0,20.9
-1.0,20.9,True,131.0,20.9
-1.1,20.9,True,136.0,20.9
-1.0,21.0,True,147.0,20.9
1.7,21.2,True,0.0,21.2
1.8,21.2,True,19.0,21.2
1.9,21.3,True,36.0,21.2
2.0,21.1,True,50.0,21.2
2.1,21.0,True,58.0,21.2
2.0,21.0,True,76.0,21.2
2.1,21.0,True,79.0,21.2
2.0,21.1,True,80.0,21.2
2.1,21.7,True,121.0,21.2
2.0,21.7,True,122.0,21.2
1.3,21.3,True,0.0,21.3
1.2,21.3,True,9.0,21.3
1.1,21.3,True,27.0,21.3
1.0,21.3,True,28.0,21.3
1.1,21.2,True,44.0,21.3
1.2,21.2,True,48.0,21.3
1.1,21.2,True,56.0,21.3
1.0,21.2,True,63.0,21.3
0.9,21.2,True,67.0,21.3
1.0,21.4,True,79.0,21.3
0.9,21.6,True,87.0,21.3
1.0,21.6,True,89.0,21.3
-1.0,21.0,True,0.0,21.0
-5572.8,21.0,True,2.0,21.0
-0.9,21.0,True,5.0,21.0
-1.0,21.0,True,7.0,21.0
-1.1,21.0,True,10.0,21.0
-1.0,21.0,True,13.0,21.0
-1.1,21.0,True,29.0,21.0
-1.0,21.0,True,34.0,21.0
-0.9,20.9,True,42.0,21.0
-0.8,20.9,True,46.0,21.0
-0.7,20.9,True,56.0,21.0
-0.8,20.8,True,64.0,21.0
-0.7,20.8,True,70.0,21.0
-0.8,20.8,True,77.0,21.0
-0.9,20.9,True,80.0,21.0
-0.8,20.9,True,92.0,21.0
-0.7,20.9,True,94.0,21.0
-0.6,21.0,True,99.0,21.0
-0.7,21.0,True,100.0,21.0
-0.8,21.0,True,102.0,21.0
-0.9,21.0,True,103.0,21.0
-1.0,20.9,True,106.0,21.0
-0.9,20.9,True,109.0,21.0
2.0,21.8,True,545.0,20.9
2.1,21.8,True,547.0,20.9
2.0,21.9,True,582.0,20.9
1.9,21.9,True,585.0,20.9
2.0,21.9,True,589.0,20.9
0.4,21.1,True,0.0,21.1
0.3,21.0,True,25.0,21.1
0.2,21.0,True,42.0,21.1
0.1,20.8,True,74.0,21.1
0.0,20.8,True,80.0,21.1
-0.1,21.3,True,103.0,21.1
-0.2,21.4,True,125.0,21.1
-0.3,21.4,True,144.0,21.1
-0.2,21.4,True,147.0,21.1
-0.1,21.2,True,0.0,21.2
-0.2,21.2,True,38.0,21.2
-0.3,21.2,True,60.0,21.2
-0.4,21.3,True,81.0,21.2
0.9,21.6,True,336.0,21.8
1.0,21.7,True,346.0,21.8
1.1,21.6,True,358.0,21.8
1.2,21.6,True,359.0,21.8
1.1,21.7,True,363.0,21.8
0.9,21.0,True,0.0,21.0
1.0,21.0,True,3.0,21.0
0.9,21.0,True,3.0,21.0
1.0,21.0,True,5.0,21.0
0.9,20.9,True,22.0,21.0
0.8,20.9,True,33.0,21.0
0.7,21.0,True,49.0,21.0
0.6,20.9,True,54.0,21.0
0.7,20.9,True,59.0,21.0
0.6,20.9,True,66.0,21.0
0.5,20.9,True,69.0,21.0
0.4,20.9,True,74.0,21.0
0.3,20.9,True,82.0,21.0
0.2,20.9,True,86.0,21.0
0.1,20.9,True,90.0,21.0
0.0,20.9,True,93.0,21.0
-0.1,20.9,True,96.0,21.0
-0.2,20.9,True,97.0,21.0
-0.1,20.9,True,98.0,21.0
-0.2,20.9,True,111.0,21.0
-0.3,20.9,True,114.0,21.0
-0.2,20.9,True,120.0,21.0
-0.3,20.9,True,122.0,21.0
-0.2,20.9,True,124.0,21.0
-0.1,20.9,True,130.0,21.0
0.0,20.9,True,134.0,21.0
-0.3,20.9,True,134.0,21.0
-0.4,20.9,True,135.0,21.0
-0.5,20.9,True,135.0,21.0
-0.6,20.9,True,136.0,21.0
-0.7,21.0,True,144.0,21.0
-0.6,21.0,True,145.0,21.0
-0.5,20.9,True,146.0,21.0
-0.4,20.9,True,147.0,21.0
-0.3,20.9,True,148.0,21.0
1.0,21.2,True,0.0,21.2
1.1,21.2,True,14.0,21.2
1.0,21.1,True,25.0,21.2
0.9,21.1,True,26.0,21.2
1.0,21.2,True,46.0,21.2
1.1,21.1,True,51.0,21.2
1.0,21.0,True,62.0,21.2
1.1,21.0,True,94.0,21.2
1.2,21.0,True,103.0,21.2
1.1,21.0,True,110.0,21.2
1.3,20.8,True,0.0,20.8
1.2,20.8,True,6.0,20.8
1.3,20.8,True,9.0,20.8
1.2,20.9,True,15.0,20.8
1.1,20.9,True,18.0,20.8
1.5,20.4,True,0.0,20.4
1.4,20.3,True,41.0,20.4
1.3,20.2,True,79.0,20.4
1.2,20.2,True,85.0,20.4
1.3,20.3,True,92.0,20.4
0.5,20.9,True,0.0,20.9
0.6,20.9,True,1.0,20.9
0.5,20.8,True,4.0,20.9
0.6,20.8,True,7.0,20.9
0.7,20.8,True,14.0,20.9
0.6,20.8,True,18.0,20.9
0.5,20.8,True,22.0,20.9
0.4,20.8,True,29.0,20.9
0.3,20.8,True,34.0,20.9
0.2,20.8,True,48.0,20.9
0.1,20.8,True,67.0,20.9
0.0,20.7,True,71.0,20.9
-0.1,20.7,True,74.0,20.9
0.0,20.7,True,77.0,20.9
0.1,20.7,True,102.0,20.9
0.0,20.7,True,110.0,20.9
0.1,20.7,True,111.0,20.9
0.0,20.7,True,111.0,20.9
0.1,20.7,True,112.0,20.9
0.0,20.7,True,119.0,20.9
-0.1,20.7,True,123.0,20.9
-0.2,20.7,True,124.0,20.9
-0.3,20.7,True,128.0,20.9
-0.4,20.7,True,131.0,20.9
-0.3,20.7,True,132.0,20.9
-0.4,20.7,True,135.0,20.9
-0.3,20.7,True,139.0,20.9
-0.4,20.7,True,142.0,20.9
-0.5,20.7,True,144.0,20.9
-0.6,20.7,True,151.0,20.9
-0.5,20.7,True,155.0,20.9
-0.6,20.7,True,163.0,20.9
-0.7,20.7,True,169.0,20.9
-0.8,20.7,True,171.0,20.9
-0.7,20.7,True,187.0,20.9
-0.8,20.7,True,193.0,20.9
-0.7,20.8,True,196.0,20.9
-0.6,20.7,True,200.0,20.9
-0.7,20.7,True,201.0,20.9
-0.8,20.8,True,202.0,20.9
-0.9,20.8,True,204.0,20.9
-0.8,20.8,True,208.0,20.9
-0.7,20.8,True,214.0,20.9
-0.8,20.7,True,225.0,20.9
-0.7,20.8,True,233.0,20.9
-0.8,20.8,True,239.0,20.9
-0.7,20.7,True,250.0,20.9
-0.6,20.7,True,257.0,20.9
-0.5,20.7,True,274.0,20.9
-0.6,20.8,True,300.0,20.9
-0.7,20.8,True,312.0,20.9
-2.5,19.8,True,0.0,19.8
-2.6,19.8,True,2.0,19.8
-2.5,19.8,True,3.0,19.8
-2.4,19.8,True,7.0,19.8
-2.3,19.8,True,11.0,19.8
-2.2,19.8,True,17.0,19.8
-2.3,19.8,True,24.0,19.8
-2.2,19.8,True,26.0,19.8
-2.1,19.8,True,31.0,19.8
-2.0,19.8,True,36.0,19.8
-1.9,19.8,True,43.0,19.8
-1.8,19.8,True,52.0,19.8
-1.9,19.8,True,53.0,19.8
-1.8,19.8,True,60.0,19.8
-1.7,19.8,True,63.0,19.8
-1.8,19.8,True,64.0,19.8
-1.9,19.8,True,74.0,19.8
-2.0,19.8,True,80.0,19.8
-1.9,19.8,True,82.0,19.8
-2.0,19.8,True,85.0,19.8
-1.9,19.8,True,88.0,19.8
-1.8,19.8,True,93.0,19.8
-1.7,19.8,True,97.0,19.8
-1.6,19.8,True,101.0,19.8
-1.5,19.8,True,104.0,19.8
-1.4,19.8,True,108.0,19.8
-1.3,19.8,True,109.0,19.8
-1.2,19.8,True,111.0,19.8
-1.1,19.8,True,115.0,19.8
-1.0,19.8,True,120.0,19.8
-0.9,19.8,True,124.0,19.8
-0.8,19.9,True,126.0,19.8
-0.7,19.9,True,132.0,19.8
-0.7,20.1,True,0.0,20.1
-0.6,20.1,True,1.0,20.1
-0.7,20.1,True,46.0,20.1
-0.8,20.0,True,47.0,20.1
-0.7,20.0,True,58.0,20.1
-0.8,20.2,True,112.0,20.1
-2.2,19.9,True,0.0,19.9
-2.3,19.8,True,33.0,19.9
-2.4,19.8,True,55.0,19.9
-2.5,19.8,True,58.0,19.9
-2.4,19.8,True,59.0,19.9
-2.5,19.7,True,84.0,19.9
-2.6,19.7,True,86.0,19.9
-2.5,19.7,True,89.0,19.9
-2.6,19.7,True,95.0,19.9
-2.7,19.7,True,103.0,19.9
-2.8,19.8,True,106.0,19.9
-2.9,19.8,True,109.0,19.9
-3.0,20.0,True,115.0,19.9
-3.1,20.4,True,123.0,19.9
-3.2,20.5,True,126.0,19.9
-3.1,20.6,True,129.0,19.9
-3.2,20.6,True,130.0,19.9
-4.4,20.0,True,0.0,20.0
-4.3,20.0,True,13.0,20.0
-4.2,20.0,True,18.0,20.0
-4.3,20.0,True,29.0,20.0
-4.4,20.0,True,31.0,20.0
-4.3,20.0,True,35.0,20.0
-4.4,20.0,True,47.0,20.0
-4.5,19.9,True,56.0,20.0
-4.6,19.9,True,65.0,20.0
-4.7,19.9,True,72.0,20.0
-4.6,19.9,True,78.0,20.0
-4.7,20.0,True,88.0,20.0
-4.6,20.0,True,99.0,20.0
-4.7,20.0,True,103.0,20.0
-4.6,20.1,True,106.0,20.0
-4.7,20.1,True,108.0,20.0
-12.4,20.1,True,0.0,20.1
-12.5,20.1,True,5.0,20.1
-12.4,20.1,True,9.0,20.1
-12.5,20.1,True,11.0,20.1
-12.3,20.1,True,14.0,20.1
-12.2,20.1,True,16.0,20.1
-12.3,20.1,True,17.0,20.1
-12.4,20.1,True,18.0,20.1
-12.5,20.1,True,23.0,20.1
-12.4,20.1,True,25.0,20.1
-12.3,20.1,True,26.0,20.1
-12.4,20.1,True,29.0,20.1
-12.3,20.1,True,31.0,20.1
-12.2,20.1,True,34.0,20.1
-12.3,20.1,True,38.0,20.1
-12.2,20.1,True,39.0,20.1
-12.1,20.0,True,43.0,20.1
-12.2,20.0,True,50.0,20.1
-12.3,19.9,True,61.0,20.1
-12.4,19.8,True,69.0,20.1
-12.5,19.8,True,74.0,20.1
-12.4,19.8,True,75.0,20.1
-12.3,19.8,True,82.0,20.1
-12.4,19.8,True,88.0,20.1
-12.3,19.8,True,92.0,20.1
-12.2,19.8,True,98.0,20.1
-12.3,19.9,True,102.0,20.1
-12.2,19.9,True,103.0,20.1
-12.1,19.9,True,104.0,20.1
-12.0,19.9,True,111.0,20.1
-12.1,19.9,True,113.0,20.1
-12.0,19.9,True,116.0,20.1
